estacion,fecha,ndvi,sensor,z_score
CP Pajarales,2013-04,0.3755,Landsat 8,-1.228949242203748
CP Pajarales,2013-05,0.4187,Landsat 8,-0.9097155475950085
CP Pajarales,2013-06,0.4778,Landsat 8,-0.47298611816499686
CP Pajarales,2013-09,0.7311,Landsat 8,1.3988170032330056
CP Pajarales,2013-10,0.577,Landsat 8,0.26006903241803425
CP Pajarales,2013-11,0.5583,Landsat 8,0.12188222479804792
CP Pajarales,2013-12,0.5092,Landsat 8,-0.24095051606512616
CP Pajarales,2014-01,0.4401,Landsat 8,-0.7515766340619756
CP Pajarales,2014-02,0.3836,Landsat 8,-1.1690929244646096
CP Pajarales,2014-03,0.3924,Landsat 8,-1.104063838525792
CP Pajarales,2014-07,0.4497,Landsat 8,-0.6806358130378113
CP Pajarales,2014-09,0.5323,Landsat 8,-0.07024916547573065
CP Pajarales,2014-10,0.6909,Landsat 8,1.1017523151943174
CP Pajarales,2014-11,0.6729,Landsat 8,0.96873827577401
CP Pajarales,2014-12,0.61,Landsat 8,0.5039281046885994
CP Pajarales,2015-01,0.5286,Landsat 8,-0.09759094024546093
CP Pajarales,2015-02,0.5131,Landsat 8,-0.21213080752405927
CP Pajarales,2015-03,0.4225,Landsat 8,-0.8816348059396103
CP Pajarales,2015-04,0.4405,Landsat 8,-0.7486207665193021
CP Pajarales,2015-05,0.4843,Landsat 8,-0.42495327059655225
CP Pajarales,2015-06,0.5318,Landsat 8,-0.07394399990407215
CP Pajarales,2015-08,0.5908,Landsat 8,0.36204646264027074
CP Pajarales,2015-09,0.5881,Landsat 8,0.34209435672722427
CP Pajarales,2015-11,0.6896,Landsat 8,1.0921457456806287
CP Pajarales,2015-12,0.6547,Landsat 8,0.8342463025823642
CP Pajarales,2016-01,0.5895,Landsat 8,0.352439893126582
CP Pajarales,2016-02,0.5329,Landsat 8,-0.06581536416172006
CP Pajarales,2016-03,0.4499,Landsat 8,-0.6791578792664743
CP Pajarales,2016-04,0.4922,Landsat 8,-0.3665748866287502
CP Pajarales,2016-05,0.6839,Landsat 8,1.0500246331975307
CP Pajarales,2016-06,0.7576,Landsat 8,1.5946432279351264
CP Pajarales,2016-07,0.6372,Landsat 8,0.7049270975903983
CP Pajarales,2016-09,0.7293,Landsat 8,1.3855155992909747
CP Pajarales,2016-10,0.7295,Landsat 8,1.386993533062312
CP Pajarales,2016-11,0.6529,Landsat 8,0.820944898640334
CP Pajarales,2016-12,0.6801,Landsat 8,1.021943891542133
CP Pajarales,2017-01,0.6067,Landsat 8,0.4795421974615431
CP Pajarales,2017-02,0.5996,Landsat 8,0.42707554857908825
CP Pajarales,2017-03,0.5404,Landsat 8,-0.010392847736592027
CP Pajarales,2017-04,0.531,Landsat 8,-0.07985573498941934
CP Pajarales,2017-07,0.6976,Landsat 8,1.151263096534099
CP Pajarales,2017-10,0.6057,Landsat 8,0.4721525286048593
CP Pajarales,2017-12,0.5591,Landsat 8,0.12779395988339512
CP Pajarales,2018-01,0.291387230635377,Sentinel-2,-1.8505147544269285
CP Pajarales,2018-02,0.273822510524469,Sentinel-2,-1.980312219606873
CP Pajarales,2018-03,0.2033011153499165,Sentinel-2,-2.5014419772581538
CP Pajarales,2018-12,0.3855978103869645,Sentinel-2,-1.1543297672664985
CP Pajarales,2019-01,0.3592341477233292,Sentinel-2,-1.3491485042000815
CP Pajarales,2019-02,0.3062592973932707,Sentinel-2,-1.7406151058715995
CP Pajarales,2019-03,0.2697413347066411,Sentinel-2,-2.0104707574465266
CP Pajarales,2019-04,0.276902141183375,Sentinel-2,-1.9575547688366668
CP Pajarales,2019-05,0.3497769133799863,Sentinel-2,-1.4190343342974427
CP Pajarales,2019-06,0.4134875011081989,Sentinel-2,-0.9482341883212501
CP Pajarales,2019-07,0.4359340542177366,Sentinel-2,-0.7823615938678005
CP Pajarales,2019-08,0.4294368161680127,Sentinel-2,-0.8303740315383061
CP Pajarales,2019-09,0.3609669790078748,Sentinel-2,-1.3363434548227875
CP Pajarales,2019-10,0.3293000856591661,Sentinel-2,-1.5703513103896671
CP Pajarales,2019-11,0.4797017596436402,Sentinel-2,-0.45893274415349083
CP Pajarales,2019-12,0.4781525047590252,Sentinel-2,-0.47038122472539545
CP Pajarales,2020-01,0.5008350760850654,Sentinel-2,-0.30276453380784774
CP Pajarales,2020-02,0.4500260883435674,Sentinel-2,-0.6782261281608237
CP Pajarales,2020-03,0.3474421041186686,Sentinel-2,-1.436287801582099
CP Pajarales,2020-04,0.3317184311076161,Sentinel-2,-1.5524805383445528
CP Pajarales,2020-05,0.3760807226664583,Sentinel-2,-1.2246578940010506
CP Pajarales,2020-06,0.4583682665770816,Sentinel-2,-0.6165801934717186
CP Pajarales,2020-07,0.4451114971424024,Sentinel-2,-0.7145433297034048
CP Pajarales,2020-08,0.4693270344663397,Sentinel-2,-0.5355985276928413
CP Pajarales,2020-09,0.4498249309929394,Sentinel-2,-0.6797126143700523
CP Pajarales,2020-10,0.4111176057993319,Sentinel-2,-0.9657469298787855
CP Pajarales,2020-11,0.5172545142205938,Sentinel-2,-0.18143032317348765
CP Pajarales,2020-12,0.5151656827872388,Sentinel-2,-0.19686609576341266
CP Pajarales,2021-01,0.5117233869102195,Sentinel-2,-0.2223035224013138
CP Pajarales,2021-02,0.46591107297883,Sentinel-2,-0.5608413519127232
CP Pajarales,2021-03,0.4072880802026603,Sentinel-2,-0.9940458559163831
CP Pajarales,2021-04,0.4031416967572047,Sentinel-2,-1.0246862565311354
CP Pajarales,2021-05,0.457323797550602,Sentinel-2,-0.6242984737084656
CP Pajarales,2021-06,0.5229093421119391,Sentinel-2,-0.1396430176149064
CP Pajarales,2021-07,0.5016565892140437,Sentinel-2,-0.2966938238232802
CP Pajarales,2021-08,0.4976452065748366,Sentinel-2,-0.32633661318447077
CP Pajarales,2021-09,0.4379200093360758,Sentinel-2,-0.7676860431790378
CP Pajarales,2021-10,0.5219042419896935,Sentinel-2,-0.14707037468611325
CP Pajarales,2021-11,0.4900261240078738,Sentinel-2,-0.3826391103460578
CP Pajarales,2021-12,0.5237878361350434,Sentinel-2,-0.1331512376915893
CP Pajarales,2022-01,0.542965812524781,Sentinel-2,0.008567657169871708
CP Pajarales,2022-02,0.5329689735662421,Sentinel-2,-0.06530567234732694
CP Pajarales,2022-03,0.5042427813441921,Sentinel-2,-0.2775827203817216
CP Pajarales,2022-04,0.4530560833721283,Sentinel-2,-0.6558354682623603
CP Pajarales,2022-05,0.4988697829656908,Sentinel-2,-0.31728739916634513
CP Pajarales,2022-06,0.3269204904940942,Sentinel-2,-1.587935730672514
CP Pajarales,2022-07,0.5569022903319114,Sentinel-2,0.1115536131930877
CP Pajarales,2022-08,0.5213534596725893,Sentinel-2,-0.15114047362163074
CP Pajarales,2022-09,0.2166218443175933,Sentinel-2,-2.4030062012573867
CP Pajarales,2022-10,0.5294924902889233,Sentinel-2,-0.09099573255251131
CP Pajarales,2022-12,0.6364070557197453,Sentinel-2,0.6990675019375149
CP Pajarales,2023-01,0.6646406669875272,Sentinel-2,0.9077045398347592
CP Pajarales,2023-02,0.6351366397410991,Sentinel-2,0.6896795485450796
CP Pajarales,2023-03,0.5400523857398644,Sentinel-2,-0.012961602008855478
CP Pajarales,2023-04,0.529768980304604,Sentinel-2,-0.08895256289445207
CP Pajarales,2023-05,0.5826961363629692,Sentinel-2,0.3021615939028924
CP Pajarales,2023-06,0.6810389240225907,Sentinel-2,1.0288822291506634
CP Pajarales,2023-07,0.6678216482850109,Sentinel-2,0.9312109382624678
CP Pajarales,2023-08,0.6821919859252026,Sentinel-2,1.037402974782223
CP Pajarales,2023-09,0.6984292014823044,Sentinel-2,1.1573906209037996
CP Pajarales,2023-10,0.7344698988575123,Sentinel-2,1.423719439870539
CP Pajarales,2023-11,0.7471206641909259,Sentinel-2,1.5172044064680803
CP Pajarales,2023-12,0.6558442543442872,Sentinel-2,0.8427019632744687
CP Pajarales,2024-01,0.6534104091910528,Sentinel-2,0.8247166535436216
CP Pajarales,2024-02,0.6258914940436914,Sentinel-2,0.6213609833094415
CP Pajarales,2024-03,0.6053706936945675,Sentinel-2,0.46971906405529523
CP Pajarales,2024-04,0.6177697432685338,Sentinel-2,0.5613439345445125
CP Pajarales,2024-05,0.6155118917785084,Sentinel-2,0.5446591597056544
CP Pajarales,2024-07,0.634707465748148,Sentinel-2,0.6865080948552698
CP Pajarales,2024-08,0.5852816747859649,Sentinel-2,0.32126786666506296
CP Pajarales,2024-09,0.621177409814062,Sentinel-2,0.5865254618899651
CP Pajarales,2024-10,0.7085224663690585,Sentinel-2,1.2319765060997063
CP Pajarales,2024-11,0.5965450104763128,Sentinel-2,0.4045001876384016
CP Pajarales,2024-12,0.7526792289836762,Sentinel-2,1.5582803596049262
CP Pajarales,2025-01,0.7649295899660498,Sentinel-2,1.648806470639506
CP Pajarales,2025-02,0.6929298105927082,Sentinel-2,1.1167519433162203
CP Pajarales,2025-03,0.6233078646371737,Sentinel-2,0.6022688175468853
CP Pajarales,2025-04,0.642305961428951,Sentinel-2,0.7426584617453464
CP Pajarales,2025-05,0.7572198733306014,Sentinel-2,1.591834217724676
CP Pajarales,2025-06,0.7953143197560977,Sentinel-2,1.873339562087775
CP Pajarales,2025-07,0.770843653050214,Sentinel-2,1.6925094384290174
CP Pajarales,2025-08,0.7570079049464337,Sentinel-2,1.5902678415575904
CP Pajarales,2025-09,0.7343409356711726,Sentinel-2,1.4227664446287858
CP Pajarales,2025-10,0.7128877025443374,Sentinel-2,1.2642341559162347
CP Pajarales,2025-11,0.7209759961999732,Sentinel-2,1.3240039676469995
CP Pajarales,2025-12,0.769970813693214,Sentinel-2,1.6860594446157067
Caño Clarín,2013-04,0.6051,Landsat 8,-0.23430250507821773
Caño Clarín,2013-05,0.5742,Landsat 8,-0.43919295566674743
Caño Clarín,2013-11,0.6971,Landsat 8,0.3757273154442675
Caño Clarín,2013-12,0.6828,Landsat 8,0.2809074629065329
Caño Clarín,2014-01,0.6123,Landsat 8,-0.18656104086341468
Caño Clarín,2014-02,0.5471,Landsat 8,-0.6188865223641317
Caño Clarín,2014-03,0.4863,Landsat 8,-1.0220366646224694
Caño Clarín,2014-07,0.4609,Landsat 8,-1.1904579411580252
Caño Clarín,2014-09,0.4514,Landsat 8,-1.2534501508858902
Caño Clarín,2014-11,0.793,Landsat 8,1.0116170957497705
Caño Clarín,2014-12,0.7848,Landsat 8,0.9572448726162448
Caño Clarín,2015-01,0.7544,Landsat 8,0.7556698014870753
Caño Clarín,2015-02,0.6934,Landsat 8,0.35119350744499345
Caño Clarín,2015-03,0.6171,Landsat 8,-0.15473339805354575
Caño Clarín,2015-04,0.5871,Landsat 8,-0.3536561656152257
Caño Clarín,2015-05,0.4815,Landsat 8,-1.0538643074323384
Caño Clarín,2015-06,0.4568,Landsat 8,-1.217644052724788
Caño Clarín,2015-08,0.439,Landsat 8,-1.3356715614780514
Caño Clarín,2015-09,0.5201,Landsat 8,-0.7979170131696436
Caño Clarín,2015-11,0.6565,Landsat 8,0.106518503344127
Caño Clarín,2015-12,0.5621,Landsat 8,-0.5194251385832916
Caño Clarín,2016-01,0.5031,Landsat 8,-0.9106399147879289
Caño Clarín,2016-02,0.4264,Landsat 8,-1.4192191238539569
Caño Clarín,2016-03,0.4129,Landsat 8,-1.5087343692567128
Caño Clarín,2016-05,0.5532,Landsat 8,-0.5784388929599235
Caño Clarín,2016-06,0.5987,Landsat 8,-0.2767393621580425
Caño Clarín,2016-07,0.5779,Landsat 8,-0.4146591476674741
Caño Clarín,2016-08,0.5919,Landsat 8,-0.3218285228053568
Caño Clarín,2016-09,0.5042,Landsat 8,-0.9033460799773341
Caño Clarín,2016-12,0.4158,Landsat 8,-1.489505168392417
Caño Clarín,2017-01,0.4085,Landsat 8,-1.5379097084990927
Caño Clarín,2017-02,0.4266,Landsat 8,-1.4178929720702125
Caño Clarín,2017-03,0.4133,Landsat 8,-1.5060820656892238
Caño Clarín,2017-04,0.3952,Landsat 8,-1.626098802118104
Caño Clarín,2017-12,0.6105,Landsat 8,-0.1984964069171149
Caño Clarín,2018-02,0.2849257580836664,Sentinel-2,-2.3573007152102132
Caño Clarín,2018-03,0.1655264359602509,Sentinel-2,-3.1490088352694903
Caño Clarín,2018-12,0.7827295788220364,Sentinel-2,0.9435164089249501
Caño Clarín,2019-01,0.6076554949213265,Sentinel-2,-0.21735763433688116
Caño Clarín,2019-02,0.3513343116545382,Sentinel-2,-1.9169616063406834
Caño Clarín,2019-03,0.5790814607944049,Sentinel-2,-0.4068251659678523
Caño Clarín,2019-04,0.5477565037273646,Sentinel-2,-0.6145334044187342
Caño Clarín,2019-06,0.676168508890646,Sentinel-2,0.23693564408875373
Caño Clarín,2019-07,0.7251465049919563,Sentinel-2,0.5616969285586811
Caño Clarín,2019-08,0.7570030016749387,Sentinel-2,0.7729296780586256
Caño Clarín,2019-12,0.7608169540879111,Sentinel-2,0.7982190770365256
Caño Clarín,2020-01,0.7812012359640647,Sentinel-2,0.9333823358885878
Caño Clarín,2020-02,0.7561090292109749,Sentinel-2,0.767001962170105
Caño Clarín,2020-03,0.7000620629767202,Sentinel-2,0.39536804094497313
Caño Clarín,2020-04,0.5503151316949073,Sentinel-2,-0.5975677592032572
Caño Clarín,2020-05,0.562800798324932,Sentinel-2,-0.514778313840023
Caño Clarín,2020-08,0.626164851094027,Sentinel-2,-0.09462655581493339
Caño Clarín,2020-09,0.8126412207394407,Sentinel-2,1.141853295342417
Caño Clarín,2020-10,0.7982612496902165,Sentinel-2,1.0465031740568003
Caño Clarín,2020-11,0.6146116353653754,Sentinel-2,-0.17123314404761647
Caño Clarín,2020-12,0.8091026149587238,Sentinel-2,1.1183896535020852
Caño Clarín,2021-01,0.8151722977047389,Sentinel-2,1.1586362565040416
Caño Clarín,2021-02,0.7772946941208817,Sentinel-2,0.9074789987205392
Caño Clarín,2021-03,0.7472670318939265,Sentinel-2,0.7083728096007645
Caño Clarín,2021-04,0.7464002516912848,Sentinel-2,0.7026253990415255
Caño Clarín,2021-06,0.7866688673891129,Sentinel-2,0.9696368817245148
Caño Clarín,2021-07,0.8066658246244222,Sentinel-2,1.1022318842598573
Caño Clarín,2021-08,0.7954948475184183,Sentinel-2,1.0281598281833753
Caño Clarín,2021-11,0.8255257133825673,Sentinel-2,1.2272872598490454
Caño Clarín,2021-12,0.7876697296365968,Sentinel-2,0.9762733579984312
Caño Clarín,2022-01,0.7707748985913973,Sentinel-2,0.8642478063651621
Caño Clarín,2022-02,0.7356137424360601,Sentinel-2,0.6311026565955604
Caño Clarín,2022-03,0.7425438292030316,Sentinel-2,0.6770543912331785
Caño Clarín,2022-04,0.7607260638369601,Sentinel-2,0.7976164056944074
Caño Clarín,2022-05,0.7663753677798898,Sentinel-2,0.8350755781985638
Caño Clarín,2022-12,0.798545465709064,Sentinel-2,1.0483877419586174
Caño Clarín,2023-01,0.77041121676206,Sentinel-2,0.8618363198317069
Caño Clarín,2023-02,0.717371510689219,Sentinel-2,0.5101428157427879
Caño Clarín,2023-03,0.5918958965098173,Sentinel-2,-0.32185573205948326
Caño Clarín,2023-04,0.7081953460001448,Sentinel-2,0.449297879891041
Caño Clarín,2023-05,0.7450499782414938,Sentinel-2,0.6936720613216095
Caño Clarín,2023-07,0.7700150801736855,Sentinel-2,0.8592096336153099
Caño Clarín,2023-08,0.7903275467659308,Sentinel-2,0.9938967026330964
Caño Clarín,2023-09,0.5585683846500098,Sentinel-2,-0.5428424285627373
Caño Clarín,2023-11,0.7249446903752967,Sentinel-2,0.5603587444893371
Caño Clarín,2023-12,0.5738041042906538,Sentinel-2,-0.44181804467237934
Caño Clarín,2024-01,0.5489510415979757,Sentinel-2,-0.6066127117794278
Caño Clarín,2024-02,0.6255912832644627,Sentinel-2,-0.0984297458163093
Caño Clarín,2024-03,0.6913473712223969,Sentinel-2,0.33758302087107456
Caño Clarín,2024-04,0.7061404015052472,Sentinel-2,0.43567203835401846
Caño Clarín,2024-07,0.8591279377461966,Sentinel-2,1.4500955087371
Caño Clarín,2024-08,0.8309308733114589,Sentinel-2,1.2631275722546655
Caño Clarín,2024-09,0.7106118369671361,Sentinel-2,0.4653210489224317
Caño Clarín,2024-12,0.7946822407745165,Sentinel-2,1.0227716287688349
Caño Clarín,2025-01,0.6086762876920735,Sentinel-2,-0.21058900356808316
Caño Clarín,2025-02,0.4033635188011377,Sentinel-2,-1.5719684770193
Caño Clarín,2025-03,0.2226628294376285,Sentinel-2,-2.7701511846357216
Caño Clarín,2025-04,0.5573560522477848,Sentinel-2,-0.5508811124512469
Caño Clarín,2025-06,0.8021739738163893,Sentinel-2,1.072447504452922
Caño Clarín,2025-07,0.8060995971636316,Sentinel-2,1.0984773664741943
Caño Clarín,2025-08,0.806457834249507,Sentinel-2,1.10085275022638
Caño Clarín,2025-09,0.7815435197221154,Sentinel-2,0.935651936970017
Caño Clarín,2025-11,0.7481715260568029,Sentinel-2,0.7143702923381899
Caño Clarín,2025-12,0.7353094083251318,Sentinel-2,0.6290846904752507
Caño Palos,2013-04,0.7324,Landsat 8,0.5997799552106018
Caño Palos,2013-05,0.731,Landsat 8,0.589853202814238
Caño Palos,2013-06,0.6271,Landsat 8,-0.14685363574443833
Caño Palos,2013-09,0.7429,Landsat 8,0.6742305981833262
Caño Palos,2013-10,0.8538,Landsat 8,1.4605711987238192
Caño Palos,2013-11,0.8586,Landsat 8,1.4946057783684936
Caño Palos,2013-12,0.8212,Landsat 8,1.229419678637074
Caño Palos,2014-01,0.7805,Landsat 8,0.9408348053999404
Caño Palos,2014-02,0.7166,Landsat 8,0.48774946388021573
Caño Palos,2014-03,0.6235,Landsat 8,-0.1723795704779435
Caño Palos,2014-07,0.593,Landsat 8,-0.3886409619701446
Caño Palos,2014-08,0.4606,Landsat 8,-1.3274281171690736
Caño Palos,2014-09,0.6387,Landsat 8,-0.06460340160314201
Caño Palos,2014-10,0.69,Landsat 8,0.29914116834931254
Caño Palos,2014-11,0.795,Landsat 8,1.0436475980765607
Caño Palos,2014-12,0.7711,Landsat 8,0.874183753595787
Caño Palos,2015-01,0.8089,Landsat 8,1.1422060682975959
Caño Palos,2015-02,0.7665,Landsat 8,0.8415672814363073
Caño Palos,2015-03,0.6569,Landsat 8,0.06444437954958085
Caño Palos,2015-04,0.6576,Landsat 8,0.06940775574776196
Caño Palos,2015-05,0.5194,Landsat 8,-0.9105045165218153
Caño Palos,2015-06,0.5902,Landsat 8,-0.4084944667628714
Caño Palos,2015-08,0.6143,Landsat 8,-0.23761251479690304
Caño Palos,2015-09,0.6294,Landsat 8,-0.13054539966469883
Caño Palos,2015-11,0.7431,Landsat 8,0.6756487056685209
Caño Palos,2015-12,0.665,Landsat 8,0.1218777326999685
Caño Palos,2016-01,0.622,Landsat 8,-0.1830153766169046
Caño Palos,2016-02,0.5021,Landsat 8,-1.0331708139911617
Caño Palos,2016-03,0.4722,Landsat 8,-1.2451778830277778
Caño Palos,2016-04,0.3861,Landsat 8,-1.8556731554041208
Caño Palos,2016-05,0.4638,Landsat 8,-1.3047383974059577
Caño Palos,2016-06,0.4559,Landsat 8,-1.3607536430711504
Caño Palos,2016-07,0.5347,Landsat 8,-0.8020192939044165
Caño Palos,2016-08,0.3804,Landsat 8,-1.8960892187321714
Caño Palos,2016-09,0.5344,Landsat 8,-0.8041464551322084
Caño Palos,2016-10,0.5919,Landsat 8,-0.3964405531387157
Caño Palos,2016-11,0.5718,Landsat 8,-0.5389603554007888
Caño Palos,2016-12,0.5829,Landsat 8,-0.46025538997247983
Caño Palos,2017-01,0.5548,Landsat 8,-0.6594994916423433
Caño Palos,2017-02,0.5094,Landsat 8,-0.9814098907815532
Caño Palos,2017-03,0.4339,Landsat 8,-1.5167454664425737
Caño Palos,2017-04,0.4374,Landsat 8,-1.4919285854516655
Caño Palos,2017-07,0.4024,Landsat 8,-1.7400973953607481
Caño Palos,2017-10,0.4901,Landsat 8,-1.1182572631028471
Caño Palos,2017-12,0.6916,Landsat 8,0.3104860282308709
Caño Palos,2018-02,0.5457595921854395,Sentinel-2,-0.7236008415975504
Caño Palos,2018-03,0.4480187736708489,Sentinel-2,-1.4166357733205663
Caño Palos,2018-12,0.6760459964804245,Sentinel-2,0.200199784151593
Caño Palos,2019-01,0.629538552026749,Sentinel-2,-0.12956299133359012
Caño Palos,2019-02,0.5565488709770976,Sentinel-2,-0.6470990565260332
Caño Palos,2019-03,0.4951180908867222,Sentinel-2,-1.0826763018636052
Caño Palos,2019-04,0.3491696574432147,Sentinel-2,-2.1175291314570392
Caño Palos,2019-05,0.4700727290666774,Sentinel-2,-1.2602613771956879
Caño Palos,2019-06,0.6075432911686632,Sentinel-2,-0.2855212116419037
Caño Palos,2019-07,0.6397750368108823,Sentinel-2,-0.05698081286128171
Caño Palos,2019-08,0.609857924851466,Sentinel-2,-0.26910921488657147
Caño Palos,2019-12,0.6294841196462748,Sentinel-2,-0.12994894616452726
Caño Palos,2020-01,0.6689932843099633,Sentinel-2,0.15019226455231693
Caño Palos,2020-02,0.5785071803308519,Sentinel-2,-0.49140284224212794
Caño Palos,2020-03,0.5093983151077202,Sentinel-2,-0.9814218375733219
Caño Palos,2020-04,0.3247785727261425,Sentinel-2,-2.290475030503537
Caño Palos,2020-05,0.4388999290772625,Sentinel-2,-1.4812932821930296
Caño Palos,2020-08,0.6300802251023726,Sentinel-2,-0.12572223811823877
Caño Palos,2020-09,0.6323563250520742,Sentinel-2,-0.10958346623962271
Caño Palos,2020-10,0.7258773224969957,Sentinel-2,0.553530666257992
Caño Palos,2020-11,0.7181778766930559,Sentinel-2,0.49893745762590014
Caño Palos,2020-12,0.766537733497286,Sentinel-2,0.8418348322110272
Caño Palos,2021-01,0.7427475880720728,Sentinel-2,0.6731499157041932
Caño Palos,2021-02,0.7077309669066735,Sentinel-2,0.4248632527997839
Caño Palos,2021-03,0.6536603777696596,Sentinel-2,0.041473716879335105
Caño Palos,2021-04,0.5335103653758856,Sentinel-2,-0.8104544427299336
Caño Palos,2021-06,0.6972784269280272,Sentinel-2,0.35074912688470533
Caño Palos,2021-07,0.754014006480705,Sentinel-2,0.7530348770872806
Caño Palos,2021-08,0.6564564103072574,Sentinel-2,0.06129909023141318
Caño Palos,2021-11,0.8599090533865968,Sentinel-2,1.503887670398756
Caño Palos,2021-12,0.8529037555243464,Sentinel-2,1.4542163437263749
Caño Palos,2022-01,0.8006382332189527,Sentinel-2,1.083625701731913
Caño Palos,2022-02,0.7465770085883419,Sentinel-2,0.7003025651945912
Caño Palos,2022-03,0.7258161805266162,Sentinel-2,0.5530971368287187
Caño Palos,2022-04,0.4804082713636149,Sentinel-2,-1.1869768277215174
Caño Palos,2022-05,0.6999868420169394,Sentinel-2,0.3699532454377092
Caño Palos,2022-12,0.8420231738526053,Sentinel-2,1.3770671721665302
Caño Palos,2023-01,0.7974450338076241,Sentinel-2,1.0609842017972904
Caño Palos,2023-02,0.7675004130595973,Sentinel-2,0.8486607476768149
Caño Palos,2023-03,0.7372304413620725,Sentinel-2,0.6340303804723483
Caño Palos,2023-04,0.5005779895010383,Sentinel-2,-1.0439626863967748
Caño Palos,2023-05,0.7311764791735728,Sentinel-2,0.5911045349993608
Caño Palos,2023-07,0.7259572442942926,Sentinel-2,0.5540973547528774
Caño Palos,2023-08,0.7408965466944031,Sentinel-2,0.6600250375388004
Caño Palos,2023-09,0.7881176774337537,Sentinel-2,0.9948482323429673
Caño Palos,2023-11,0.8544886264524372,Sentinel-2,1.4654539303573404
Caño Palos,2023-12,0.8444935213208146,Sentinel-2,1.3945832633450277
Caño Palos,2024-01,0.792600873093895,Sentinel-2,1.0266364989591625
Caño Palos,2024-02,0.7413014513527061,Sentinel-2,0.6628960291724489
Caño Palos,2024-03,0.7206686876680853,Sentinel-2,0.5165986460653728
Caño Palos,2024-04,0.6655851282751543,Sentinel-2,0.126026606633945
Caño Palos,2024-07,0.7938886076756317,Sentinel-2,1.0357672292056874
Caño Palos,2024-08,0.4908536008133342,Sentinel-2,-1.1129138283316566
Caño Palos,2024-09,0.2723759118642728,Sentinel-2,-2.662038058565236
Caño Palos,2024-12,0.857879702090268,Sentinel-2,1.4894984790816879
Caño Palos,2025-01,0.8554447493947178,Sentinel-2,1.4722333558634135
Caño Palos,2025-02,0.8017233127060114,Sentinel-2,1.0913194984450594
Caño Palos,2025-03,0.7548597423689101,Sentinel-2,0.7590315990550874
Caño Palos,2025-04,0.3769828599975639,Sentinel-2,-1.9203185778092366
Caño Palos,2025-06,0.7585359079589912,Sentinel-2,0.7850975887556345
Caño Palos,2025-07,0.793150591169045,Sentinel-2,1.0305342955447474
Caño Palos,2025-08,0.8163123175365938,Sentinel-2,1.1947633832040165
Caño Palos,2025-09,0.6433249425275575,Sentinel-2,-0.031810073518518424
Caño Palos,2025-11,0.6777376615266857,Sentinel-2,0.2121945984743195
Caño Palos,2025-12,0.8488234238950193,Sentinel-2,1.4252845995982466
Isla Boquerón,2013-04,0.3385,Landsat 8,0.7918262804694005
Isla Boquerón,2013-05,0.3882,Landsat 8,1.3699931569108312
Isla Boquerón,2013-06,0.3942,Landsat 8,1.4397919749922918
Isla Boquerón,2013-09,0.3892,Landsat 8,1.3816262932577414
Isla Boquerón,2013-10,0.3258,Landsat 8,0.6440854488636419
Isla Boquerón,2013-11,0.3383,Landsat 8,0.7894996532000181
Isla Boquerón,2013-12,0.2564,Landsat 8,-0.1632542136119173
Isla Boquerón,2014-01,0.2785,Landsat 8,0.09383809965479561
Isla Boquerón,2014-02,0.2815,Landsat 8,0.12873750869552525
Isla Boquerón,2014-03,0.3083,Landsat 8,0.440505562792716
Isla Boquerón,2014-07,0.3296,Landsat 8,0.6882913669819006
Isla Boquerón,2014-08,0.2794,Landsat 8,0.1043079223670142
Isla Boquerón,2014-09,0.3646,Landsat 8,1.0954511391237531
Isla Boquerón,2014-10,0.4094,Landsat 8,1.616615647465325
Isla Boquerón,2014-11,0.4089,Landsat 8,1.61079907929187
Isla Boquerón,2014-12,0.3564,Landsat 8,1.0000594210790907
Isla Boquerón,2015-01,0.2472,Landsat 8,-0.2702790680034902
Isla Boquerón,2015-02,0.3101,Landsat 8,0.4614452082171538
Isla Boquerón,2015-03,0.2934,Landsat 8,0.2671718312237555
Isla Boquerón,2015-04,0.3311,Landsat 8,0.7057410715022657
Isla Boquerón,2015-05,0.3273,Landsat 8,0.6615351533840071
Isla Boquerón,2015-06,0.3441,Landsat 8,0.8569718440120969
Isla Boquerón,2015-08,0.3449,Landsat 8,0.8662783530896246
Isla Boquerón,2015-09,0.3625,Landsat 8,1.0710215527952422
Isla Boquerón,2015-11,0.2926,Landsat 8,0.2578653221462278
Isla Boquerón,2015-12,0.3243,Landsat 8,0.6266357443432768
Isla Boquerón,2016-01,0.2877,Landsat 8,0.20086295404636823
Isla Boquerón,2016-02,0.2829,Landsat 8,0.14502389958119952
Isla Boquerón,2016-03,0.4105,Landsat 8,1.629412097446926
Isla Boquerón,2016-04,0.2619,Landsat 8,-0.0992719637039118
Isla Boquerón,2016-05,0.3278,Landsat 8,0.6673517215574621
Isla Boquerón,2016-06,0.337,Landsat 8,0.7743765759490354
Isla Boquerón,2016-07,0.3838,Landsat 8,1.3188073569844267
Isla Boquerón,2016-08,0.4033,Landsat 8,1.5456535157491735
Isla Boquerón,2016-09,0.4316,Landsat 8,1.8748712743667288
Isla Boquerón,2016-10,0.3543,Landsat 8,0.9756298347505796
Isla Boquerón,2016-11,0.3507,Landsat 8,0.9337505439017034
Isla Boquerón,2016-12,0.2543,Landsat 8,-0.1876837999404284
Isla Boquerón,2017-01,0.2003,Landsat 8,-0.8158731626735731
Isla Boquerón,2017-02,0.1538,Landsat 8,-1.356814002804892
Isla Boquerón,2017-03,0.1574,Landsat 8,-1.3149347119560155
Isla Boquerón,2017-04,0.2233,Landsat 8,-0.5483110266946413
Isla Boquerón,2017-07,0.3845,Landsat 8,1.3269505524272642
Isla Boquerón,2017-10,0.2721,Landsat 8,0.019386027034570895
Isla Boquerón,2017-12,0.2021,Landsat 8,-0.794933517249135
Isla Boquerón,2018-12,0.1630299326107756,Sentinel-2,-1.2494409382709475
Isla Boquerón,2019-01,0.2114151772976715,Sentinel-2,-0.6865687896496809
Isla Boquerón,2019-02,0.1421608621539152,Sentinel-2,-1.4922136803288777
Isla Boquerón,2019-03,0.1129350975660205,Sentinel-2,-1.8322009846225533
Isla Boquerón,2019-04,0.1338907770145529,Sentinel-2,-1.5884207083556343
Isla Boquerón,2019-06,0.1181851154115514,Sentinel-2,-1.771126811201781
Isla Boquerón,2019-07,0.1786007042854142,Sentinel-2,-1.0683040283532714
Isla Boquerón,2019-08,0.1489825996901817,Sentinel-2,-1.412855477446655
Isla Boquerón,2019-11,0.1334565582538159,Sentinel-2,-1.5934720344036744
Isla Boquerón,2019-12,0.206021685249176,Sentinel-2,-0.7493120180358046
Isla Boquerón,2020-01,0.1063971584108665,Sentinel-2,-1.9082577222422619
Isla Boquerón,2020-02,0.1469257803858356,Sentinel-2,-1.4367827368550703
Isla Boquerón,2020-03,0.1178913300648696,Sentinel-2,-1.7745444561964547
Isla Boquerón,2020-04,0.1574915841422532,Sentinel-2,-1.3138693011419695
Isla Boquerón,2020-05,0.1770270674748298,Sentinel-2,-1.0866103599313166
Isla Boquerón,2020-08,0.1902331722361386,Sentinel-2,-0.9329819426314329
Isla Boquerón,2020-09,-0.0183917330886813,Sentinel-2,-3.35994391163627
Isla Boquerón,2020-10,0.1732870131764864,Sentinel-2,-1.1301189215287923
Isla Boquerón,2020-11,0.2371286274343224,Sentinel-2,-0.3874407182605475
Isla Boquerón,2020-12,0.2945704089965208,Sentinel-2,0.28078735866193244
Isla Boquerón,2021-01,0.2263271201800316,Sentinel-2,-0.5130961249018507
Isla Boquerón,2021-02,0.1887082290688127,Sentinel-2,-0.9507218144182238
Isla Boquerón,2021-03,0.1672436095375281,Sentinel-2,-1.2004226600602068
Isla Boquerón,2021-04,0.1700150501751323,Sentinel-2,-1.1681821132455898
Isla Boquerón,2021-05,0.1987033184051129,Sentinel-2,-0.8344475773694966
Isla Boquerón,2021-06,0.2497535907013951,Sentinel-2,-0.24057279919995925
Isla Boquerón,2021-07,0.2843160235194129,Sentinel-2,0.16149669425296115
Isla Boquerón,2021-08,0.2310035865815413,Sentinel-2,-0.45869415363134436
Isla Boquerón,2021-09,0.3318956883276838,Sentinel-2,0.7149974223078561
Isla Boquerón,2021-11,0.3380868379528545,Sentinel-2,0.7870199100415881
Isla Boquerón,2021-12,0.3182003745209718,Sentinel-2,0.5556779694806551
Isla Boquerón,2022-01,0.2645468549979299,Sentinel-2,-0.06848073862249308
Isla Boquerón,2022-02,0.2282774649738411,Sentinel-2,-0.49040749799197847
Isla Boquerón,2022-03,0.1994035250064591,Sentinel-2,-0.8263019785050296
Isla Boquerón,2022-04,0.1030136829366293,Sentinel-2,-1.9476181537604895
Isla Boquerón,2022-05,0.2650965276828005,Sentinel-2,-0.06208632133322118
Isla Boquerón,2022-06,0.3412434238326783,Sentinel-2,0.8237409039723097
Isla Boquerón,2022-07,0.336809665325062,Sentinel-2,0.7721623867239368
Isla Boquerón,2022-09,0.3316765567089691,Sentinel-2,0.7124482343094292
Isla Boquerón,2022-10,0.2778632369075445,Sentinel-2,0.08643054777958036
Isla Boquerón,2022-12,0.3094693687359782,Sentinel-2,0.45410898873816397
Isla Boquerón,2023-01,0.247640804720127,Sentinel-2,-0.2651511265918913
Isla Boquerón,2023-02,0.2034646353787353,Sentinel-2,-0.77905852782449
Isla Boquerón,2023-03,0.2413326951995827,Sentinel-2,-0.3385342247356248
Isla Boquerón,2023-04,0.2528439501577318,Sentinel-2,-0.20462222628343144
Isla Boquerón,2023-05,0.2435320945905812,Sentinel-2,-0.3129483117388282
Isla Boquerón,2023-07,0.2153411701614055,Sentinel-2,-0.6408971793688675
Isla Boquerón,2023-08,0.2334114765790972,Sentinel-2,-0.4306828409814157
Isla Boquerón,2023-09,0.3032802235596792,Sentinel-2,0.3821098190314571
Isla Boquerón,2023-11,0.280664001448289,Sentinel-2,0.11901222355765231
Isla Boquerón,2023-12,0.2937344387788082,Sentinel-2,0.27106240313732577
Isla Boquerón,2024-01,0.2809306676072144,Sentinel-2,0.12211438734353827
Isla Boquerón,2024-02,0.3014028134724191,Sentinel-2,0.36026965150729584
Isla Boquerón,2024-03,0.2725074032895767,Sentinel-2,0.024125405050395975
Isla Boquerón,2024-04,0.2762301974091202,Sentinel-2,0.06743317663452077
Isla Boquerón,2024-07,0.3687849573459756,Sentinel-2,1.1441353185354906
Isla Boquerón,2024-08,0.464020362753149,Sentinel-2,2.2520217746903968
Isla Boquerón,2024-09,0.1815434242503289,Sentinel-2,-1.0340709657706442
Isla Boquerón,2024-10,0.1537854002162858,Sentinel-2,-1.3569838440794746
Isla Boquerón,2024-11,0.2887455163525795,Sentinel-2,0.21302558832884955
Isla Boquerón,2024-12,0.3303741606929215,Sentinel-2,0.697297283877075
Isla Boquerón,2025-01,0.285988084023226,Sentinel-2,0.18094800207410247
Isla Boquerón,2025-02,0.34188972059416,Sentinel-2,0.8312593623191927
Isla Boquerón,2025-03,0.3145947481504293,Sentinel-2,0.5137332262961201
Isla Boquerón,2025-04,0.292931378342458,Sentinel-2,0.26172029158645477
Isla Boquerón,2025-06,0.2112778233288994,Sentinel-2,-0.688166647096196
Isla Boquerón,2025-07,0.3325944632031479,Sentinel-2,0.7231263657099252
Isla Boquerón,2025-08,0.3664942224126766,Sentinel-2,1.1174868867217933
Isla Boquerón,2025-09,0.3535788845408557,Sentinel-2,0.967241000292489
Isla Boquerón,2025-11,0.3326286392575136,Sentinel-2,0.7235239404101611
Isla Boquerón,2025-12,0.3078509172743438,Sentinel-2,0.43528132221411553
Punta Cerro,2013-04,0.2816,Landsat 8,0.8019518813070854
Punta Cerro,2013-05,0.3758,Landsat 8,1.6558060210271366
Punta Cerro,2013-06,0.3857,Landsat 8,1.745542284118734
Punta Cerro,2013-09,0.4117,Landsat 8,1.9812132780966676
Punta Cerro,2013-10,0.307,Landsat 8,1.0321843138855278
Punta Cerro,2013-11,0.33,Landsat 8,1.2406625008660077
Punta Cerro,2013-12,0.2211,Landsat 8,0.25356360685843243
Punta Cerro,2014-01,0.2804,Landsat 8,0.7910747585081036
Punta Cerro,2014-02,0.2681,Landsat 8,0.6795842498185429
Punta Cerro,2014-03,0.2851,Landsat 8,0.8336768228041149
Punta Cerro,2014-07,0.3257,Landsat 8,1.201686144169657
Punta Cerro,2014-08,0.2914,Landsat 8,0.8907817174987678
Punta Cerro,2014-09,0.3483,Landsat 8,1.406538623550476
Punta Cerro,2014-10,0.3843,Landsat 8,1.732852307519922
Punta Cerro,2014-11,0.3647,Landsat 8,1.5551926351365573
Punta Cerro,2014-12,0.2685,Landsat 8,0.6832099574182036
Punta Cerro,2015-01,0.1882,Landsat 8,-0.04465084321364474
Punta Cerro,2015-02,0.2878,Landsat 8,0.8581503491018232
Punta Cerro,2015-03,0.2729,Landsat 8,0.7230927410144689
Punta Cerro,2015-04,0.2963,Landsat 8,0.9351966355946092
Punta Cerro,2015-05,0.316,Landsat 8,1.1137627348778896
Punta Cerro,2015-06,0.321,Landsat 8,1.159084079873646
Punta Cerro,2015-08,0.311,Landsat 8,1.068441389882133
Punta Cerro,2015-09,0.3306,Landsat 8,1.2461010622654982
Punta Cerro,2015-11,0.245,Landsat 8,0.4701996359381482
Punta Cerro,2015-12,0.2823,Landsat 8,0.8082968696064912
Punta Cerro,2016-01,0.1668,Landsat 8,-0.23862619979548227
Punta Cerro,2016-02,0.2204,Landsat 8,0.24721861855902671
Punta Cerro,2016-04,0.3386,Landsat 8,1.3186152142587086
Punta Cerro,2016-05,0.2549,Landsat 8,0.559935899029746
Punta Cerro,2016-06,0.3095,Landsat 8,1.0548449863834062
Punta Cerro,2016-07,0.3381,Landsat 8,1.314083079759133
Punta Cerro,2016-08,0.3597,Landsat 8,1.509871290140801
Punta Cerro,2016-09,0.3703,Landsat 8,1.6059525415318046
Punta Cerro,2016-10,0.3148,Landsat 8,1.1028856120789081
Punta Cerro,2016-11,0.4788,Landsat 8,2.5894257279397186
Punta Cerro,2016-12,0.2322,Landsat 8,0.35417699274901165
Punta Cerro,2017-01,0.1702,Landsat 8,-0.20780768519836804
Punta Cerro,2017-02,0.1193,Landsat 8,-0.6691789772551684
Punta Cerro,2017-03,0.1657,Landsat 8,-0.24859689569454885
Punta Cerro,2017-04,0.2446,Landsat 8,0.4665739283384878
Punta Cerro,2017-07,0.2469,Landsat 8,0.48742174703653574
Punta Cerro,2017-10,0.304,Landsat 8,1.004991506888074
Punta Cerro,2017-12,0.2165,Landsat 8,0.21186796946233658
Punta Cerro,2018-12,0.1115965081145483,Sentinel-2,-0.7390054999376817
Punta Cerro,2019-01,0.1506808245282271,Sentinel-2,-0.3847347423161533
Punta Cerro,2019-02,0.117012882525842,Sentinel-2,-0.689910025273596
Punta Cerro,2019-03,0.1039205220417387,Sentinel-2,-0.8085827025353668
Punta Cerro,2019-04,0.1108974495286793,Sentinel-2,-0.7453419550061646
Punta Cerro,2019-06,0.0679629162533711,Sentinel-2,-1.13451211396657
Punta Cerro,2019-07,0.0983200898784317,Sentinel-2,-0.8593465261750802
Punta Cerro,2019-08,0.062682073182614,Sentinel-2,-1.1823790961022165
Punta Cerro,2019-11,0.0492144049945273,Sentinel-2,-1.3044536633503467
Punta Cerro,2019-12,0.1250120558908427,Sentinel-2,-0.6174033661223836
Punta Cerro,2020-01,-0.0357758469646059,Sentinel-2,-2.0748281694135744
Punta Cerro,2020-02,0.0476032403214827,Sentinel-2,-1.3190576933487528
Punta Cerro,2020-03,0.0623232354691796,Sentinel-2,-1.1856316976638264
Punta Cerro,2020-04,0.1564805911027473,Sentinel-2,-0.3321640979524158
Punta Cerro,2020-05,0.1562602758058908,Sentinel-2,-0.33416109506775105
Punta Cerro,2020-08,0.1366867009082753,Sentinel-2,-0.5115812432147729
Punta Cerro,2020-09,-0.0780244920135697,Sentinel-2,-2.4577812529870435
Punta Cerro,2020-10,0.0968147064098447,Sentinel-2,-0.8729917268812282
Punta Cerro,2020-11,0.1419360428049199,Sentinel-2,-0.4639997961950715
Punta Cerro,2020-12,0.2067169354383363,Sentinel-2,0.12319164063935277
Punta Cerro,2021-01,0.1653430539998726,Sentinel-2,-0.25183235025787465
Punta Cerro,2021-02,0.0912262920159783,Sentinel-2,-0.9236466182259622
Punta Cerro,2021-03,0.0694861332729954,Sentinel-2,-1.1207052651566098
Punta Cerro,2021-04,0.0675159112319126,Sentinel-2,-1.1385638877250412
Punta Cerro,2021-05,0.0995792406013119,Sentinel-2,-0.8479332453124182
Punta Cerro,2021-06,0.145641014300193,Sentinel-2,-0.43041693792772834
Punta Cerro,2021-07,0.1467104987622569,Sentinel-2,-0.42072284307316854
Punta Cerro,2021-08,0.1293001747684795,Sentinel-2,-0.5785347031151449
Punta Cerro,2021-09,0.226449383289076,Sentinel-2,0.3020518559701819
Punta Cerro,2021-11,0.2158692573513405,Sentinel-2,0.20615074842564965
Punta Cerro,2021-12,0.188449112155975,Sentinel-2,-0.04239282362092875
Punta Cerro,2022-01,0.1619424115399714,Sentinel-2,-0.2826566882843545
Punta Cerro,2022-02,0.0845608398505175,Sentinel-2,-0.9840640696546743
Punta Cerro,2022-03,0.0845328202015846,Sentinel-2,-0.9843180472898638
Punta Cerro,2022-04,0.1348999593493541,Sentinel-2,-0.5277767493367979
Punta Cerro,2022-05,0.2041889298609859,Sentinel-2,0.10027711805489409
Punta Cerro,2022-06,0.2791120840971522,Sentinel-2,0.7794007423164065
Punta Cerro,2022-07,0.1978036152269154,Sentinel-2,0.042398908567461625
Punta Cerro,2022-09,0.2447783861773138,Sentinel-2,0.46819086863539017
Punta Cerro,2022-10,0.1769080361824273,Sentinel-2,-0.14700424078480714
Punta Cerro,2022-12,0.1843674253060718,Sentinel-2,-0.07939033119874983
Punta Cerro,2023-01,0.0824416063470593,Sentinel-2,-1.0032733722020333
Punta Cerro,2023-02,0.0035190073954481,Sentinel-2,-1.7186490392115723
Punta Cerro,2023-03,0.1324470005738913,Sentinel-2,-0.5500110275214213
Punta Cerro,2023-04,0.1526833899153876,Sentinel-2,-0.3665829509585409
Punta Cerro,2023-05,0.1405580859350263,Sentinel-2,-0.47648996793301546
Punta Cerro,2023-07,-0.0271320987853121,Sentinel-2,-1.9964789107555316
Punta Cerro,2023-08,0.0772974401515755,Sentinel-2,-1.049901478374239
Punta Cerro,2023-09,0.1649166423208413,Sentinel-2,-0.255697460420994
Punta Cerro,2023-11,0.0322936086677661,Sentinel-2,-1.4578283129359613
Punta Cerro,2023-12,0.1536806158282343,Sentinel-2,-0.35754382703157417
Punta Cerro,2024-01,0.136165383805963,Sentinel-2,-0.5163066016639899
Punta Cerro,2024-02,0.1918405125864197,Sentinel-2,-0.011652257835540561
Punta Cerro,2024-03,0.2071081039274791,Sentinel-2,0.12673729704893477
Punta Cerro,2024-04,0.2056154315820092,Sentinel-2,0.11320731338200148
Punta Cerro,2024-07,0.2380289762316261,Sentinel-2,0.40701240130213
Punta Cerro,2024-08,0.3877285165548426,Sentinel-2,1.7639293038410588
Punta Cerro,2024-09,-0.0367907837104257,Sentinel-2,-2.084027829094808
Punta Cerro,2024-10,-0.0323866720017509,Sentinel-2,-2.0441077758650685
Punta Cerro,2024-11,0.1550011927778013,Sentinel-2,-0.34557376232662024
Punta Cerro,2024-12,0.0814377411408681,Sentinel-2,-1.0123726764698386
Punta Cerro,2025-01,0.0724763232566819,Sentinel-2,-1.0936013787859078
Punta Cerro,2025-02,0.2078929946838527,Sentinel-2,0.13385175799965224
Punta Cerro,2025-03,0.2357665011866357,Sentinel-2,0.38650471889047
Punta Cerro,2025-04,0.2097232561307383,Sentinel-2,0.15044174009299927
Punta Cerro,2025-06,0.0299550253629129,Sentinel-2,-1.4790258610880749
Punta Cerro,2025-07,0.1987351009429767,Sentinel-2,0.05084214566670833
Punta Cerro,2025-08,0.2774038305999326,Sentinel-2,0.7639166730988672
Punta Cerro,2025-09,0.2138442019548973,Sentinel-2,0.1877951015741057
Punta Cerro,2025-11,0.1537831565153273,Sentinel-2,-0.35661437066040536
Punta Cerro,2025-12,0.1446734364726584,Sentinel-2,-0.4391873236341163
Punta Chino,2013-04,0.3047,Landsat 8,-0.1344609217249625
Punta Chino,2013-05,0.4399,Landsat 8,1.3099655699668682
Punta Chino,2013-06,0.4842,Landsat 8,1.7832502858096797
Punta Chino,2013-09,0.4826,Landsat 8,1.766156481174273
Punta Chino,2013-10,0.4403,Landsat 8,1.3142390211257198
Punta Chino,2013-11,0.4546,Landsat 8,1.4670149000546633
Punta Chino,2013-12,0.3483,Landsat 8,0.33134525458985836
Punta Chino,2014-01,0.3511,Landsat 8,0.36125941270181966
Punta Chino,2014-02,0.3794,Landsat 8,0.6636060821905682
Punta Chino,2014-03,0.3669,Landsat 8,0.5300607334764564
Punta Chino,2014-07,0.4105,Landsat 8,0.9958669097912773
Punta Chino,2014-08,0.5712,Landsat 8,2.7127259128598964
Punta Chino,2014-09,0.4186,Landsat 8,1.0824042957580222
Punta Chino,2014-10,0.463,Landsat 8,1.5567573743905465
Punta Chino,2014-11,0.5048,Landsat 8,2.0033330204905355
Punta Chino,2014-12,0.3898,Landsat 8,0.7747158123207086
Punta Chino,2015-01,0.3441,Landsat 8,0.2864740174219171
Punta Chino,2015-02,0.3435,Landsat 8,0.2800638406836398
Punta Chino,2015-03,0.3597,Landsat 8,0.45313861261712834
Punta Chino,2015-04,0.3736,Landsat 8,0.6016410403872201
Punta Chino,2015-05,0.3516,Landsat 8,0.3666012266503841
Punta Chino,2015-06,0.4184,Landsat 8,1.080267570178596
Punta Chino,2015-08,0.3992,Landsat 8,0.8751419145537207
Punta Chino,2015-09,0.4269,Landsat 8,1.171078407304192
Punta Chino,2015-11,0.3556,Landsat 8,0.40933573823889985
Punta Chino,2015-12,0.3118,Landsat 8,-0.058607163655347176
Punta Chino,2016-01,0.3311,Landsat 8,0.14758685475924094
Punta Chino,2016-02,0.3287,Landsat 8,0.12194614780613136
Punta Chino,2016-03,0.2378,Landsat 8,-0.8491956280428878
Punta Chino,2016-04,0.3293,Landsat 8,0.1283563245444086
Punta Chino,2016-05,0.3089,Landsat 8,-0.08958968455702121
Punta Chino,2016-06,0.3981,Landsat 8,0.8633899238668791
Punta Chino,2016-07,0.4279,Landsat 8,1.181762035201321
Punta Chino,2016-08,0.4697,Landsat 8,1.6283376813013102
Punta Chino,2016-09,0.4412,Landsat 8,1.3238542862331355
Punta Chino,2016-10,0.39,Landsat 8,0.7768525379001348
Punta Chino,2016-11,0.5836,Landsat 8,2.845202898784295
Punta Chino,2016-12,0.3077,Landsat 8,-0.10241003803357629
Punta Chino,2017-01,0.2283,Landsat 8,-0.9506900930656127
Punta Chino,2017-02,0.1911,Landsat 8,-1.3481210508388088
Punta Chino,2017-03,0.1929,Landsat 8,-1.328890520623977
Punta Chino,2017-04,0.2449,Landsat 8,-0.7733418699732725
Punta Chino,2017-07,0.2446,Landsat 8,-0.7765469583424112
Punta Chino,2017-10,0.3403,Landsat 8,0.24587623141282688
Punta Chino,2017-12,0.1837,Landsat 8,-1.427179897277563
Punta Chino,2018-12,0.214416359425971,Sentinel-2,-1.09901774281602
Punta Chino,2019-01,0.2336626191058969,Sentinel-2,-0.8933978659841761
Punta Chino,2019-02,0.1840491242701062,Sentinel-2,-1.4234499834858916
Punta Chino,2019-03,0.1614782072454234,Sentinel-2,-1.664589262274575
Punta Chino,2019-04,0.1971106838457265,Sentinel-2,-1.283905141223783
Punta Chino,2019-06,0.2283470732085067,Sentinel-2,-0.9501871804220032
Punta Chino,2019-07,0.2205862063193052,Sentinel-2,-1.0331013944253806
Punta Chino,2019-08,0.2051929323694765,Sentinel-2,-1.1975574054239184
Punta Chino,2019-11,0.2628703339563363,Sentinel-2,-0.5813535087966348
Punta Chino,2019-12,0.2666423016762246,Sentinel-2,-0.5410552092373664
Punta Chino,2020-01,0.1897524147664108,Sentinel-2,-1.3625181500341412
Punta Chino,2020-02,0.2246681244516128,Sentinel-2,-0.9894916999932627
Punta Chino,2020-03,0.1717508443926386,Sentinel-2,-1.5548402294715036
Punta Chino,2020-04,0.2280688249554467,Sentinel-2,-0.9531598812207225
Punta Chino,2020-05,0.1889385884208174,Sentinel-2,-1.3712127678833415
Punta Chino,2020-08,0.2022695629189835,Sentinel-2,-1.22878959683882
Punta Chino,2020-09,0.2075931386229549,Sentinel-2,-1.1719144949353935
Punta Chino,2020-10,0.2780692693135915,Sentinel-2,-0.4189737390072041
Punta Chino,2020-11,0.3119109348717402,Sentinel-2,-0.0574219767648593
Punta Chino,2020-12,0.3553886285152419,Sentinel-2,0.40707752394768026
Punta Chino,2021-01,0.2970128412478083,Sentinel-2,-0.2165876654195368
Punta Chino,2021-02,0.2657632851904179,Sentinel-2,-0.550446294287167
Punta Chino,2021-03,0.2316480599880641,Sentinel-2,-0.9149206659758701
Punta Chino,2021-04,0.2165767154787836,Sentinel-2,-1.0759373026224601
Punta Chino,2021-05,0.2235823892290106,Sentinel-2,-1.001091291106351
Punta Chino,2021-06,0.2750962047314555,Sentinel-2,-0.4507368547168779
Punta Chino,2021-07,0.2376867914199252,Sentinel-2,-0.8504051063871696
Punta Chino,2021-08,0.2822430087242724,Sentinel-2,-0.37438306020390727
Punta Chino,2021-09,0.3495481439504614,Sentinel-2,0.3446799601186406
Punta Chino,2021-11,0.3361978535091133,Sentinel-2,0.2020504247246803
Punta Chino,2021-12,0.3447878976170998,Sentinel-2,0.29382325959433314
Punta Chino,2022-01,0.3471831401567822,Sentinel-2,0.31941313961167367
Punta Chino,2022-02,0.3175623871191038,Sentinel-2,0.002956036124366161
Punta Chino,2022-03,0.2939476114620288,Sentinel-2,-0.24933543987000117
Punta Chino,2022-04,0.1993997113767193,Sentinel-2,-1.259450022836372
Punta Chino,2022-05,0.2914602990064342,Sentinel-2,-0.27590896060946773
Punta Chino,2022-06,0.3798799207007832,Sentinel-2,0.668733376377865
Punta Chino,2022-07,0.2778645675120758,Sentinel-2,-0.42116069688446994
Punta Chino,2022-09,0.3948120891715325,Sentinel-2,0.8282631080165911
Punta Chino,2022-10,0.2867958827945317,Sentinel-2,-0.32574184777476967
Punta Chino,2022-12,0.3549398146868635,Sentinel-2,0.4022825640101994
Punta Chino,2023-01,0.3327805613221099,Sentinel-2,0.16554134658297032
Punta Chino,2023-02,0.2482786362018518,Sentinel-2,-0.7372457779929189
Punta Chino,2023-03,0.2693221592141974,Sentinel-2,-0.5124246084843491
Punta Chino,2023-04,0.2660679055904815,Sentinel-2,-0.5471918432830132
Punta Chino,2023-05,0.2951371757514306,Sentinel-2,-0.23662657764231965
Punta Chino,2023-07,0.1792661927952028,Sentinel-2,-1.4745490436212254
Punta Chino,2023-08,0.2644769056643766,Sentinel-2,-0.5641894944778775
Punta Chino,2023-09,0.3712854400258633,Sentinel-2,0.5769131428779551
Punta Chino,2023-11,0.1848767494949952,Sentinel-2,-1.4146079435449
Punta Chino,2023-12,0.3853936000230553,Sentinel-2,0.727639474601114
Punta Chino,2024-01,0.3525686627974457,Sentinel-2,0.3769500595360857
Punta Chino,2024-02,0.3486095658189549,Sentinel-2,0.33465254060924265
Punta Chino,2024-03,0.336892288201904,Sentinel-2,0.20946950658131294
Punta Chino,2024-04,0.3501594288618803,Sentinel-2,0.3512107006513693
Punta Chino,2024-07,0.3368467373291636,Sentinel-2,0.2089828580065652
Punta Chino,2024-08,0.4955797380867378,Sentinel-2,1.9048271730951718
Punta Chino,2024-09,0.1520238011117131,Sentinel-2,-1.765596619395469
Punta Chino,2024-10,0.1430695905157399,Sentinel-2,-1.861260073515376
Punta Chino,2024-11,0.4366058896807256,Sentinel-2,1.2747725210636478
Punta Chino,2024-12,0.3189505215540962,Sentinel-2,0.01778634789901644
Punta Chino,2025-01,0.3384674441085565,Sentinel-2,0.22629788616795327
Punta Chino,2025-02,0.4768703009510285,Sentinel-2,1.7049425085725283
Punta Chino,2025-03,0.3485166743413976,Sentinel-2,0.3336601226282059
Punta Chino,2025-04,0.3465906214164245,Sentinel-2,0.3130828898676164
Punta Chino,2025-06,0.2545724898413115,Sentinel-2,-0.6700045876699411
Punta Chino,2025-07,0.3502833119843786,Sentinel-2,0.3525342218348759
Punta Chino,2025-08,0.3935342879431889,Sentinel-2,0.814611555166474
Punta Chino,2025-09,0.3035839397069355,Sentinel-2,-0.1463844946068248
Punta Chino,2025-11,0.176311229177405,Sentinel-2,-1.5061187753633312
Punta Chino,2025-12,0.3373644118399864,Sentinel-2,0.2145134998520242
Río Sevilla,2013-04,0.3676,Landsat 8,0.9631943537044324
Río Sevilla,2013-05,0.3859,Landsat 8,1.1007093760183777
Río Sevilla,2013-06,0.4374,Landsat 8,1.4877052038417746
Río Sevilla,2013-09,0.4336,Landsat 8,1.4591501718858733
Río Sevilla,2013-10,0.4815,Landsat 8,1.8190938641721008
Río Sevilla,2013-11,0.5389,Landsat 8,2.250425136348082
Río Sevilla,2013-12,0.3582,Landsat 8,0.8925582220240457
Río Sevilla,2014-01,0.3318,Landsat 8,0.694175894751469
Río Sevilla,2014-02,0.3621,Landsat 8,0.9218647021893123
Río Sevilla,2014-03,0.3426,Landsat 8,0.7753323013629778
Río Sevilla,2014-07,0.3734,Landsat 8,1.0067783498476501
Río Sevilla,2014-08,0.3503,Landsat 8,0.8331938134841458
Río Sevilla,2014-09,0.3983,Landsat 8,1.193888953979739
Río Sevilla,2014-10,0.4629,Landsat 8,1.6793244972300585
Río Sevilla,2014-11,0.4923,Landsat 8,1.9002502707836093
Río Sevilla,2014-12,0.3613,Landsat 8,0.915853116514386
Río Sevilla,2015-01,0.3655,Landsat 8,0.9474139413077503
Río Sevilla,2015-02,0.3547,Landsat 8,0.8662575346962419
Río Sevilla,2015-03,0.3385,Landsat 8,0.7445229247789792
Río Sevilla,2015-04,0.3225,Landsat 8,0.624291211280448
Río Sevilla,2015-05,0.3254,Landsat 8,0.6460832093520569
Río Sevilla,2015-06,0.3867,Landsat 8,1.106720961693304
Río Sevilla,2015-08,0.3672,Landsat 8,0.9601885608669695
Río Sevilla,2015-09,0.3541,Landsat 8,0.8617488454400472
Río Sevilla,2015-11,0.3538,Landsat 8,0.8594945008119494
Río Sevilla,2015-12,0.2907,Landsat 8,0.38533068070211746
Río Sevilla,2016-01,0.3113,Landsat 8,0.5401290118314763
Río Sevilla,2016-02,0.3076,Landsat 8,0.5123254280849407
Río Sevilla,2016-03,0.2999,Landsat 8,0.4544639159637727
Río Sevilla,2016-04,0.1931,Landsat 8,-0.3480827716389226
Río Sevilla,2016-05,0.3039,Landsat 8,0.48452184433840556
Río Sevilla,2016-06,0.3569,Landsat 8,0.8827893953022898
Río Sevilla,2016-07,0.4491,Landsat 8,1.5756246443375754
Río Sevilla,2016-08,0.4569,Landsat 8,1.634237604668109
Río Sevilla,2016-09,0.4368,Landsat 8,1.4831965145855799
Río Sevilla,2016-10,0.4284,Landsat 8,1.4200748649988508
Río Sevilla,2016-11,0.4773,Landsat 8,1.7875330393787365
Río Sevilla,2016-12,0.3956,Landsat 8,1.173599852326862
Río Sevilla,2017-01,0.2939,Landsat 8,0.4093770234018235
Río Sevilla,2017-02,0.2954,Landsat 8,0.4206487465423108
Río Sevilla,2017-03,0.2645,Landsat 8,0.18845124984827272
Río Sevilla,2017-04,0.301,Landsat 8,0.46272984626679664
Río Sevilla,2017-07,0.3373,Landsat 8,0.7355055462665891
Río Sevilla,2017-10,0.4462,Landsat 8,1.5538326462659666
Río Sevilla,2017-12,0.3201,Landsat 8,0.6062564542556682
Río Sevilla,2018-12,0.204598690841592,Sentinel-2,-0.261676065209268
Río Sevilla,2019-01,0.2268386887828328,Sentinel-2,-0.09455399891681877
Río Sevilla,2019-02,0.1875120901873297,Sentinel-2,-0.39007301986721044
Río Sevilla,2019-03,0.1827962112927145,Sentinel-2,-0.4255104073766569
Río Sevilla,2019-04,0.1564952462812049,Sentinel-2,-0.6231485380015765
Río Sevilla,2019-06,0.207276848171741,Sentinel-2,-0.2415510999078639
Río Sevilla,2019-07,0.140899721673321,Sentinel-2,-0.740340828408726
Río Sevilla,2019-08,0.034198957006822,Sentinel-2,-1.5421418138747698
Río Sevilla,2019-11,0.2291618819380654,Sentinel-2,-0.07709640555171428
Río Sevilla,2019-12,0.2339919474986999,Sentinel-2,-0.04080096438513116
Río Sevilla,2020-01,0.0345194164137182,Sentinel-2,-1.5397337273999039
Río Sevilla,2020-02,0.1182867420930873,Sentinel-2,-0.9102656585486504
Río Sevilla,2020-03,0.0806121135451582,Sentinel-2,-1.1933709801572874
Río Sevilla,2020-04,0.213153184760328,Sentinel-2,-0.19739347383661843
Río Sevilla,2020-05,0.2148190899536852,Sentinel-2,-0.18487505909140345
Río Sevilla,2020-08,0.236726217364724,Sentinel-2,-0.020254342437663886
Río Sevilla,2020-09,0.0458457616938488,Sentinel-2,-1.4546221086057725
Río Sevilla,2020-10,0.0117778522523241,Sentinel-2,-1.7106248040724787
Río Sevilla,2020-11,0.3126577614362586,Sentinel-2,0.5503318858317012
Río Sevilla,2020-12,0.2819369619969612,Sentinel-2,0.31948098854223617
Río Sevilla,2021-01,0.2275115147982209,Sentinel-2,-0.08949805987203753
Río Sevilla,2021-02,0.1580943183359648,Sentinel-2,-0.6111323396796141
Río Sevilla,2021-03,0.0939412311818295,Sentinel-2,-1.0932095643522575
Río Sevilla,2021-04,0.0076207985023871,Sentinel-2,-1.741862910038755
Río Sevilla,2021-05,0.0820174659741531,Sentinel-2,-1.1828104844943261
Río Sevilla,2021-06,0.0512541099924548,Sentinel-2,-1.413981172159631
Río Sevilla,2021-07,0.1786041701832759,Sentinel-2,-0.45701142522941235
Río Sevilla,2021-08,0.0917982848452942,Sentinel-2,-1.1093126962258222
Río Sevilla,2021-09,0.1352586148132975,Sentinel-2,-0.7827308248967848
Río Sevilla,2021-11,0.1542199789161687,Sentinel-2,-0.6402459938744259
Río Sevilla,2021-12,0.1582366933727219,Sentinel-2,-0.6100624650153189
Río Sevilla,2022-01,0.2460813999145279,Sentinel-2,0.05004500931574125
Río Sevilla,2022-02,0.1857359118061547,Sentinel-2,-0.40342008050769274
Río Sevilla,2022-03,0.1344673889558036,Sentinel-2,-0.7886764774349622
Río Sevilla,2022-04,0.046381549115203,Sentinel-2,-1.4505959436219988
Río Sevilla,2022-05,0.1313390231450033,Sentinel-2,-0.8121845263026336
Río Sevilla,2022-06,0.3284398012313138,Sentinel-2,0.6689257412730443
Río Sevilla,2022-07,0.1511429429396003,Sentinel-2,-0.6633683256218913
Río Sevilla,2022-09,0.2981919374607508,Sentinel-2,0.4416287105977362
Río Sevilla,2022-10,0.0731314850888518,Sentinel-2,-1.249584028741512
Río Sevilla,2022-12,0.1654645383576894,Sentinel-2,-0.5557489533000435
Río Sevilla,2023-01,0.1812949892173326,Sentinel-2,-0.4367913137807185
Río Sevilla,2023-02,0.0871733321639935,Sentinel-2,-1.1440668203334727
Río Sevilla,2023-03,0.1837430459629989,Sentinel-2,-0.4183954352011501
Río Sevilla,2023-04,0.1579513287957429,Sentinel-2,-0.612206832019192
Río Sevilla,2023-05,0.1547380471096133,Sentinel-2,-0.6363529797114925
Río Sevilla,2023-07,-0.0151891477723691,Sentinel-2,-1.913267842877716
Río Sevilla,2023-08,0.1128389792958472,Sentinel-2,-0.9512027745390084
Río Sevilla,2023-09,0.0948401292199997,Sentinel-2,-1.0864548111404029
Río Sevilla,2023-11,0.061176802312593,Sentinel-2,-1.3394172783990725
Río Sevilla,2023-12,0.1075809961389654,Sentinel-2,-0.9907137948201531
Río Sevilla,2024-01,0.1802140587214118,Sentinel-2,-0.44491394663680456
Río Sevilla,2024-02,0.2081927949658471,Sentinel-2,-0.23466823412480986
Río Sevilla,2024-03,0.2296018755711984,Sentinel-2,-0.0737900812742126
Río Sevilla,2024-04,0.2532402965380756,Sentinel-2,0.10384040980374064
Río Sevilla,2024-07,0.1753964484779169,Sentinel-2,-0.4811157925457712
Río Sevilla,2024-08,0.3041475758300081,Sentinel-2,0.4863822484798241
Río Sevilla,2024-09,-0.0102322846007611,Sentinel-2,-1.8760195833339537
Río Sevilla,2024-10,0.0287406457559607,Sentinel-2,-1.58315819603098
Río Sevilla,2024-11,0.1367841094938126,Sentinel-2,-0.7712675224360834
Río Sevilla,2024-12,0.0639077653793629,Sentinel-2,-1.3188955053353884
Río Sevilla,2025-01,0.0814887826884339,Sentinel-2,-1.1867832655780794
Río Sevilla,2025-02,0.5139346321631826,Sentinel-2,2.062823326776727
Río Sevilla,2025-03,0.2531319529312407,Sentinel-2,0.10302626371021724
Río Sevilla,2025-04,0.2249733626436063,Sentinel-2,-0.10857095878886902
Río Sevilla,2025-06,0.1348201043037867,Sentinel-2,-0.7860260042683848
Río Sevilla,2025-07,0.2038763004179865,Sentinel-2,-0.26710445511208175
Río Sevilla,2025-08,0.2807454037057695,Sentinel-2,0.31052704509952606
Río Sevilla,2025-09,0.1352499723190673,Sentinel-2,-0.7827957687649223
Río Sevilla,2025-10,0.0136273587128741,Sentinel-2,-1.6967267208925707
Río Sevilla,2025-11,0.1936046433388412,Sentinel-2,-0.3442906383055165
Río Sevilla,2025-12,0.2152933870233891,Sentinel-2,-0.18131096225403898
VIPIS,2013-04,0.2279,Landsat 8,-0.19147203216498815
VIPIS,2013-05,0.2068,Landsat 8,-0.3030959051809824
VIPIS,2013-06,0.1819,Landsat 8,-0.43482265580175294
VIPIS,2013-09,0.0454,Landsat 8,-1.1569391802891096
VIPIS,2013-10,0.557,Landsat 8,1.5495429730276062
VIPIS,2013-11,0.4015,Landsat 8,0.7269120605163681
VIPIS,2013-12,0.353,Landsat 8,0.4703358595080398
VIPIS,2014-01,0.3284,Landsat 8,0.34019617817185704
VIPIS,2014-02,0.3176,Landsat 8,0.2830616839267034
VIPIS,2014-03,0.221,Landsat 8,-0.22797462571050284
VIPIS,2014-07,0.1984,Landsat 8,-0.3475338451494352
VIPIS,2014-08,0.1587,Landsat 8,-0.5575560138098604
VIPIS,2014-09,0.0754,Landsat 8,-0.99823225183035
VIPIS,2014-10,0.2085,Landsat 8,-0.29410251256831943
VIPIS,2014-11,0.0568,Landsat 8,-1.0966305474747808
VIPIS,2014-12,0.1195,Landsat 8,-0.7649330669959732
VIPIS,2015-01,0.0902,Landsat 8,-0.9199368337906951
VIPIS,2015-02,0.2357,Landsat 8,-0.15020823076571063
VIPIS,2015-03,0.1591,Landsat 8,-0.5554399214304104
VIPIS,2015-04,0.073,Landsat 8,-1.0109288061070507
VIPIS,2015-05,0.1251,Landsat 8,-0.7353077736836714
VIPIS,2015-06,0.1917,Landsat 8,-0.38297839250522475
VIPIS,2015-08,0.0928,Landsat 8,-0.9061822333242694
VIPIS,2015-09,0.0268,Landsat 8,-1.2553374759335407
VIPIS,2015-11,-0.0798,Landsat 8,-1.8192760950570002
VIPIS,2015-12,-0.0729,Landsat 8,-1.7827735015114856
VIPIS,2016-01,0.0105,Landsat 8,-1.3415682403961333
VIPIS,2016-02,0.0101,Landsat 8,-1.3436843327755836
VIPIS,2016-03,0.0445,Landsat 8,-1.1617003881428725
VIPIS,2016-04,-0.2907,Landsat 8,-2.9349858021220814
VIPIS,2016-05,0.0017,Landsat 8,-1.3881222727440363
VIPIS,2016-06,0.0491,Landsat 8,-1.137365325779196
VIPIS,2016-08,0.0567,Landsat 8,-1.0971595705696435
VIPIS,2016-09,-0.1324,Landsat 8,-2.097542242954692
VIPIS,2016-10,-0.0616,Landsat 8,-1.7229938917920191
VIPIS,2016-11,-0.2096,Landsat 8,-2.505948072188567
VIPIS,2016-12,-0.1288,Landsat 8,-2.078497411539641
VIPIS,2017-01,-0.0446,Landsat 8,-1.6330599656653886
VIPIS,2017-02,0.0826,Landsat 8,-0.9601425890002476
VIPIS,2017-03,0.0501,Landsat 8,-1.1320750948305707
VIPIS,2017-04,-0.0682,Landsat 8,-1.7579094160529463
VIPIS,2017-07,0.0299,Landsat 8,-1.2389377599928022
VIPIS,2017-12,-0.0194,Landsat 8,-1.4997461457600305
VIPIS,2018-01,0.1114151185890948,Sentinel-2,-0.8077039568519094
VIPIS,2018-02,0.1853819266199708,Sentinel-2,-0.4164024598359411
VIPIS,2018-12,0.2160069602163099,Sentinel-2,-0.25438895930189764
VIPIS,2019-01,0.264787026563521,Sentinel-2,0.0036688573641150447
VIPIS,2019-02,0.2480072554271771,Sentinel-2,-0.08510000721222126
VIPIS,2019-03,0.1854045785899667,Sentinel-2,-0.41628262568322144
VIPIS,2019-04,0.1416285973186029,Sentinel-2,-0.6478676766114329
VIPIS,2019-05,0.1468218949254532,Sentinel-2,-0.6203939328862516
VIPIS,2019-06,0.1718992535867606,Sentinel-2,-0.4877289139864258
VIPIS,2019-07,0.2055298698138228,Sentinel-2,-0.30981518720068035
VIPIS,2019-08,0.201917487669867,Sentinel-2,-0.32892552301689676
VIPIS,2019-09,0.2207218449760604,Sentinel-2,-0.22944613002666372
VIPIS,2019-11,0.1639044433575304,Sentinel-2,-0.5300233064894857
VIPIS,2019-12,0.2003593227596714,Sentinel-2,-0.3371685752478756
VIPIS,2020-01,0.2911556809137805,Sentinel-2,0.1431651286814618
VIPIS,2020-02,0.318522314176171,Sentinel-2,0.2879409389258391
VIPIS,2020-03,0.2467048073937078,Sentinel-2,-0.09199025810785687
VIPIS,2020-04,0.2215754563588663,Sentinel-2,-0.2249303286712451
VIPIS,2020-05,0.1827184160341741,Sentinel-2,-0.43049304596891397
VIPIS,2020-06,0.2307316093144504,Sentinel-2,-0.17649216493526693
VIPIS,2020-07,0.2669004884415707,Sentinel-2,0.01484955880011351
VIPIS,2020-08,0.2550366777376178,Sentinel-2,-0.047912739754570645
VIPIS,2020-09,0.1414095209868843,Sentinel-2,-0.6490266410016018
VIPIS,2020-10,0.2109857654457257,Sentinel-2,-0.28095223927631785
VIPIS,2020-11,0.2296846140118167,Sentinel-2,-0.18203101188832502
VIPIS,2020-12,0.3016788194869396,Sentinel-2,0.1988349620378608
VIPIS,2021-01,0.3521154893967687,Sentinel-2,0.46565659414043825
VIPIS,2021-02,0.3325641975082341,Sentinel-2,0.3622257447061056
VIPIS,2021-03,0.3046555937418183,Sentinel-2,0.21458278532809114
VIPIS,2021-04,0.2798172121474681,Sentinel-2,0.0831820103038941
VIPIS,2021-05,0.2611096649721308,Sentinel-2,-0.01578523473594349
VIPIS,2021-06,0.2830549136079534,Sentinel-2,0.10031019877256284
VIPIS,2021-07,0.2915362427445167,Sentinel-2,0.145178388656288
VIPIS,2021-08,0.2970430685873969,Sentinel-2,0.17431076915898228
VIPIS,2021-09,0.2669666935804748,Sentinel-2,0.015199799274901999
VIPIS,2021-10,0.2662568413848751,Sentinel-2,0.011444517220790757
VIPIS,2021-11,0.3062483645508041,Sentinel-2,0.22300891075585505
VIPIS,2021-12,0.3294127358862276,Sentinel-2,0.3455537848999617
VIPIS,2022-01,0.3724040504340083,Sentinel-2,0.5729877676427173
VIPIS,2022-02,0.3919909383811876,Sentinel-2,0.6766069284481414
VIPIS,2022-03,0.3980857147872216,Sentinel-2,0.708849703216294
VIPIS,2022-04,0.4024247921717842,Sentinel-2,0.7318044246845872
VIPIS,2022-05,0.4221590328742261,Sentinel-2,0.8362031155962671
VIPIS,2022-06,0.4058595318791627,Sentinel-2,0.7499749909850332
VIPIS,2022-07,0.4011903443826229,Sentinel-2,0.7252739107859041
VIPIS,2022-08,0.4127077127320319,Sentinel-2,0.7862034492746652
VIPIS,2022-09,0.4431178539618231,Sentinel-2,0.9470801195605738
VIPIS,2022-10,0.5464258743079313,Sentinel-2,1.49360340603677
VIPIS,2022-12,0.5003963738943723,Sentinel-2,1.250096718399198
VIPIS,2023-01,0.4866011912967355,Sentinel-2,1.1771170164792424
VIPIS,2023-02,0.4778602383219136,Sentinel-2,1.1308753565313607
VIPIS,2023-03,0.4068754561347831,Sentinel-2,0.7553494649235755
VIPIS,2023-04,0.4226848892730853,Sentinel-2,0.8389850173920445
VIPIS,2023-05,0.3898788485542462,Sentinel-2,0.6654334854793794
VIPIS,2023-06,0.4203714006978848,Sentinel-2,0.8267461285322278
VIPIS,2023-07,0.4392362702451852,Sentinel-2,0.9265456452531357
VIPIS,2023-08,0.4349104121293714,Sentinel-2,0.9036608567694957
VIPIS,2023-09,0.4198354458763312,Sentinel-2,0.8239108037481799
VIPIS,2023-10,0.4301571263458071,Sentinel-2,0.878514877209623
VIPIS,2023-11,0.445296750985373,Sentinel-2,0.958606988028425
VIPIS,2023-12,0.5097274254852853,Sentinel-2,1.2994601363086653
VIPIS,2024-01,0.4980421812951657,Sentinel-2,1.2376424958518504
VIPIS,2024-02,0.4470058823526529,Sentinel-2,0.9676486876828753
VIPIS,2024-03,0.4297380838745638,Sentinel-2,0.8762980457594632
VIPIS,2024-04,0.4330718448458915,Sentinel-2,0.8939344112253003
VIPIS,2024-05,0.4270684977900696,Sentinel-2,0.8621753188352526
VIPIS,2024-07,0.3564324461862279,Sentinel-2,0.48849429255191357
VIPIS,2024-08,0.0393128668911413,Sentinel-2,-1.1891415202499958
VIPIS,2024-09,0.2901666974113521,Sentinel-2,0.13793317754923506
VIPIS,2024-10,0.4185747360171559,Sentinel-2,0.8172413574339337
VIPIS,2024-11,0.3856920436983399,Sentinel-2,0.6432843208548092
VIPIS,2024-12,0.4448191129547399,Sentinel-2,0.9560801725365293
VIPIS,2025-01,0.4858723875487111,Sentinel-2,1.1732614763359694
VIPIS,2025-02,0.4704843675831417,Sentinel-2,1.09185529687605
VIPIS,2025-03,0.4220896757542123,Sentinel-2,0.8358362004134624
VIPIS,2025-04,0.4512222359394208,Sentinel-2,0.9899541719179423
VIPIS,2025-05,0.4868846015282098,Sentinel-2,1.1786163220569446
VIPIS,2025-06,0.5250617615830699,Sentinel-2,1.3805823157097883
VIPIS,2025-07,0.5624344567749915,Sentinel-2,1.5782925044476324
VIPIS,2025-08,0.5485420895459115,Sentinel-2,1.5047986733826855
VIPIS,2025-09,0.5613691343960103,Sentinel-2,1.5726567030280831
VIPIS,2025-10,0.5642816888761362,Sentinel-2,1.588064788878402
VIPIS,2025-11,0.6367990149678413,Sentinel-2,1.9716981916802954
VIPIS,2025-12,0.6636416484104041,Sentinel-2,2.1137019218607462
