subzona,date,ndvi,z_score
Isla_Boqueron,2018-12-01,0.16302993261077564,-0.9261120580064832
Isla_Boqueron,2019-01-01,0.2114151772976715,-0.34672311913475656
Isla_Boqueron,2019-02-01,0.14216086215391524,-1.1760086673030428
Isla_Boqueron,2019-03-01,0.11293509756602059,-1.5259724804834924
Isla_Boqueron,2019-04-01,0.13389077701455293,-1.2750387721269554
Isla_Boqueron,2019-06-01,0.11818511541155141,-1.4631061606319873
Isla_Boqueron,2019-07-01,0.17860070428541425,-0.7396599084645776
Isla_Boqueron,2019-08-01,0.14898259969018177,-1.0943217956549736
Isla_Boqueron,2019-11-01,0.13345655825381592,-1.2802383231191974
Isla_Boqueron,2019-12-01,0.20602168524917608,-0.411307470314801
Isla_Boqueron,2020-01-01,0.1063971584108665,-1.6042610094353476
Isla_Boqueron,2020-02-01,0.14692578038583562,-1.1189511710339253
Isla_Boqueron,2020-03-01,0.11789133006486967,-1.4666240922115727
Isla_Boqueron,2020-04-01,0.15749158414225328,-0.9924309918683197
Isla_Boqueron,2020-05-01,0.17702706747482982,-0.7585034168058907
Isla_Boqueron,2020-08-01,0.19023317223613861,-0.6003669627319942
Isla_Boqueron,2020-09-01,-0.018391733088681386,-3.09854514288902
Isla_Boqueron,2020-10-01,0.17328701317648648,-0.8032886835801365
Isla_Boqueron,2020-11-01,0.23712862743432245,-0.038817502746707595
Isla_Boqueron,2020-12-01,0.29457040899652087,0.6490189044387491
Isla_Boqueron,2021-01-01,0.22632712018003168,-0.1681601126017676
Isla_Boqueron,2021-02-01,0.18870822906881277,-0.6186273892168457
Isla_Boqueron,2021-03-01,0.16724360953752812,-0.8756553987679574
Isla_Boqueron,2021-04-01,0.1700150501751323,-0.8424687927983415
Isla_Boqueron,2021-05-01,0.19870331840511296,-0.49894122782691547
Isla_Boqueron,2021-06-01,0.24975359070139513,0.11236007458989772
Isla_Boqueron,2021-07-01,0.28431602351941293,0.5262278023412064
Isla_Boqueron,2021-08-01,0.23100358658154135,-0.11216178245849186
Isla_Boqueron,2021-09-01,0.33189568832768385,1.0959703278471795
Isla_Boqueron,2021-11-01,0.3380868379528545,1.1701062268167097
Isla_Boqueron,2021-12-01,0.3182003745209718,0.9319758418146388
Isla_Boqueron,2022-01-01,0.26454685499792996,0.28950196482280177
Isla_Boqueron,2022-02-01,0.2282774649738411,-0.14480571586715155
Isla_Boqueron,2022-03-01,0.19940352500645914,-0.4905566063918024
Isla_Boqueron,2022-04-01,0.1030136829366293,-1.6447764243599252
Isla_Boqueron,2022-05-01,0.26509652768280056,0.29608401841527243
Isla_Boqueron,2022-06-01,0.3412434238326783,1.2079047531071827
Isla_Boqueron,2022-07-01,0.33680966532506207,1.1548127277683713
Isla_Boqueron,2022-09-01,0.3316765567089691,1.0933463370652388
Isla_Boqueron,2022-10-01,0.27786323690754455,0.44895893221335426
Isla_Boqueron,2022-12-01,0.30946936873597825,0.8274264443736388
Isla_Boqueron,2023-01-01,0.24764080472012703,0.08706052643898152
Isla_Boqueron,2023-02-01,0.20346463537873535,-0.44192685481236416
Isla_Boqueron,2023-03-01,0.24133269519958275,0.011524091622012886
Isla_Boqueron,2023-04-01,0.25284395015773187,0.1493655728099795
Isla_Boqueron,2023-05-01,0.24353209459058126,0.03786079173693167
Isla_Boqueron,2023-07-01,0.21534117016140555,-0.2997113316764844
Isla_Boqueron,2023-08-01,0.23341147657909722,-0.08332851232352499
Isla_Boqueron,2023-09-01,0.30328022355967926,0.7533145476699293
Isla_Boqueron,2023-11-01,0.280664001448289,0.48249667715589406
Isla_Boqueron,2023-12-01,0.2937344387788082,0.6390085820666463
Isla_Boqueron,2024-01-01,0.28093066760721447,0.4856898701190096
Isla_Boqueron,2024-02-01,0.30140281347241915,0.7308335073171602
Isla_Boqueron,2024-03-01,0.27250740328957673,0.38482552177452456
Isla_Boqueron,2024-04-01,0.27623019740912025,0.4294041065996704
Isla_Boqueron,2024-07-01,0.3687849573459756,1.5377007473287663
Isla_Boqueron,2024-08-01,0.46402036275314906,2.6780967676226313
Isla_Boqueron,2024-09-01,0.1815434242503289,-0.704422318804722
Isla_Boqueron,2024-10-01,0.15378540021628584,-1.036810677990095
Isla_Boqueron,2024-11-01,0.2887455163525795,0.5792687483766277
Isla_Boqueron,2024-12-01,0.3303741606929215,1.0777508006447534
Isla_Boqueron,2025-01-01,0.28598808402322606,0.5462498848438911
Isla_Boqueron,2025-02-01,0.34188972059416006,1.2156438313582958
Isla_Boqueron,2025-03-01,0.31459474815042937,0.8888002817794478
Isla_Boqueron,2025-04-01,0.292931378342458,0.6293923377533709
Isla_Boqueron,2025-06-01,0.21127782332889944,-0.34836786374092
Isla_Boqueron,2025-07-01,0.3325944632031479,1.104337805085855
Isla_Boqueron,2025-08-01,0.36649422241267665,1.5102703500903303
Isla_Boqueron,2025-09-01,0.35357888454085573,1.355615683091183
Isla_Boqueron,2025-11-01,0.3326286392575136,1.1047470461262159
Isla_Boqueron,2025-12-01,0.3078509172743438,0.8080463031541459
Punta_Cerro,2018-12-01,0.11159650811454831,-0.24848736640396413
Punta_Cerro,2019-01-01,0.15068082452822712,0.2256442220089713
Punta_Cerro,2019-02-01,0.11701288252584206,-0.18278136362052783
Punta_Cerro,2019-03-01,0.10392052204173871,-0.34160470356847067
Punta_Cerro,2019-04-01,0.11089744952867932,-0.25696764156609453
Punta_Cerro,2019-06-01,0.06796291625337114,-0.7778061857056422
Punta_Cerro,2019-07-01,0.09832008987843172,-0.4095435097454239
Punta_Cerro,2019-08-01,0.06268207318261404,-0.8418680586778203
Punta_Cerro,2019-11-01,0.0492144049945273,-1.0052442539437336
Punta_Cerro,2019-12-01,0.12501205589084274,-0.08574344351478293
Punta_Cerro,2020-01-01,-0.03577584696460592,-2.036260448124793
Punta_Cerro,2020-02-01,0.04760324032148275,-1.0247892821217899
Punta_Cerro,2020-03-01,0.06232323546917962,-0.8462211166474766
Punta_Cerro,2020-04-01,0.15648059110274734,0.2960011526329165
Punta_Cerro,2020-05-01,0.1562602758058908,0.29332850919853626
Punta_Cerro,2020-08-01,0.1366867009082753,0.055881599320434815
Punta_Cerro,2020-09-01,-0.07802449201356977,-2.548778486648012
Punta_Cerro,2020-10-01,0.09681470640984474,-0.42780530681965695
Punta_Cerro,2020-11-01,0.14193604280491995,0.11956133175417467
Punta_Cerro,2020-12-01,0.20671693543833636,0.9054179192916753
Punta_Cerro,2021-01-01,0.1653430539998726,0.4035116324425131
Punta_Cerro,2021-02-01,0.0912262920159783,-0.495598325513628
Punta_Cerro,2021-03-01,0.06948613327299541,-0.7593280499396726
Punta_Cerro,2021-04-01,0.06751591123191264,-0.7832288007159562
Punta_Cerro,2021-05-01,0.09957924060131199,-0.39426876050914006
Punta_Cerro,2021-06-01,0.14564101430019308,0.16450631688544087
Punta_Cerro,2021-07-01,0.14671049876225697,0.17748022594436563
Punta_Cerro,2021-08-01,0.12930017476847955,-0.033724301277824886
Punta_Cerro,2021-09-01,0.22644938328907607,1.144792115931642
Punta_Cerro,2021-11-01,0.21586925735134058,1.016444676939162
Punta_Cerro,2021-12-01,0.18844911215597507,0.6838110737723957
Punta_Cerro,2022-01-01,0.16194241153997144,0.3622584608615689
Punta_Cerro,2022-02-01,0.08456083985051753,-0.57645688241535
Punta_Cerro,2022-03-01,0.08453282020158469,-0.57679678859446
Punta_Cerro,2022-04-01,0.13489995934935411,0.03420664908084911
Punta_Cerro,2022-05-01,0.20418892986098597,0.8747507000618563
Punta_Cerro,2022-06-01,0.27911208409715227,1.783642997189722
Punta_Cerro,2022-07-01,0.1978036152269154,0.7972904897328691
Punta_Cerro,2022-09-01,0.24477838617731387,1.3671411308522152
Punta_Cerro,2022-10-01,0.17690803618242734,0.5438063561405055
Punta_Cerro,2022-12-01,0.1843674253060718,0.6342961571223115
Punta_Cerro,2023-01-01,0.08244160634705933,-0.6021652902733134
Punta_Cerro,2023-02-01,0.0035190073954481935,-1.5595748252526238
Punta_Cerro,2023-03-01,0.13244700057389136,0.0044498221170144086
Punta_Cerro,2023-04-01,0.15268338991538769,0.24993732970633156
Punta_Cerro,2023-05-01,0.14055808593502633,0.10284534592057003
Punta_Cerro,2023-07-01,-0.02713209878531212,-1.9314031951358248
Punta_Cerro,2023-08-01,0.0772974401515755,-0.664569136959788
Punta_Cerro,2023-09-01,0.1649166423208413,0.3983388351353514
Punta_Cerro,2023-11-01,0.03229360866776618,-1.2105103242186948
Punta_Cerro,2023-12-01,0.1536806158282343,0.2620346707742959
Punta_Cerro,2024-01-01,0.136165383805963,0.04955750494022295
Punta_Cerro,2024-02-01,0.19184051258641974,0.7249521303540655
Punta_Cerro,2024-03-01,0.2071081039274791,0.9101631816913377
Punta_Cerro,2024-04-01,0.2056154315820092,0.8920555831690308
Punta_Cerro,2024-07-01,0.23802897623162614,1.2852640826641852
Punta_Cerro,2024-08-01,0.38772851655484264,3.1012682334568074
Punta_Cerro,2024-09-01,-0.03679078371042572,-2.0485726391924555
Punta_Cerro,2024-10-01,-0.0323866720017509,-1.9951463886759904
Punta_Cerro,2024-11-01,0.15500119277780136,0.27805458116732
Punta_Cerro,2024-12-01,0.0814377411408681,-0.6143431725656936
Punta_Cerro,2025-01-01,0.0724763232566819,-0.7230540746802374
Punta_Cerro,2025-02-01,0.20789299468385272,0.919684686356053
Punta_Cerro,2025-03-01,0.23576650118663572,1.2578180125967937
Punta_Cerro,2025-04-01,0.2097232561307383,0.9418875760737074
Punta_Cerro,2025-06-01,0.029955025362912953,-1.2388796630918695
Punta_Cerro,2025-07-01,0.1987351009429767,0.8085903369008636
Punta_Cerro,2025-08-01,0.2774038305999326,1.762920185116559
Punta_Cerro,2025-09-01,0.21384420195489737,0.9918787430853522
Punta_Cerro,2025-11-01,0.15378315651532734,0.2632785911830294
Punta_Cerro,2025-12-01,0.14467343647265843,0.15276863654771894
Punta_Chino,2018-12-01,0.214416359425971,-0.8901377887265769
Punta_Chino,2019-01-01,0.23366261910589692,-0.6422795087418421
Punta_Chino,2019-02-01,0.18404912427010628,-1.2812148498697928
Punta_Chino,2019-03-01,0.16147820724542342,-1.5718889218429086
Punta_Chino,2019-04-01,0.19711068384572655,-1.1130047277904338
Punta_Chino,2019-06-01,0.2283470732085067,-0.7107344753284784
Punta_Chino,2019-07-01,0.2205862063193052,-0.8106809142905536
Punta_Chino,2019-08-01,0.20519293236947658,-1.008919453517882
Punta_Chino,2019-11-01,0.26287033395633636,-0.2661350481812654
Punta_Chino,2019-12-01,0.2666423016762246,-0.21755867818743385
Punta_Chino,2020-01-01,0.18975241476641086,-1.2077664086569921
Punta_Chino,2020-02-01,0.22466812445161288,-0.7581129232035613
Punta_Chino,2020-03-01,0.17175084439263869,-1.439595259772468
Punta_Chino,2020-04-01,0.22806882495544678,-0.7143178278634191
Punta_Chino,2020-05-01,0.18893858842081748,-1.2182470735539448
Punta_Chino,2020-08-01,0.20226956291898354,-1.046567356840878
Punta_Chino,2020-09-01,0.2075931386229549,-0.978008980340788
Punta_Chino,2020-10-01,0.27806926931359155,-0.0703992513096447
Punta_Chino,2020-11-01,0.31191093487174026,0.3654224177604292
Punta_Chino,2020-12-01,0.35538862851524194,0.9253393337428828
Punta_Chino,2021-01-01,0.29701284124780836,0.17356093807091064
Punta_Chino,2021-02-01,0.2657632851904179,-0.22887887846912874
Punta_Chino,2021-03-01,0.23164805998806412,-0.6682235189639636
Punta_Chino,2021-04-01,0.2165767154787836,-0.8623161680943231
Punta_Chino,2021-05-01,0.22358238922901066,-0.7720953005209428
Punta_Chino,2021-06-01,0.2750962047314555,-0.1086871413135588
Punta_Chino,2021-07-01,0.23768679141992527,-0.5904551831479408
Punta_Chino,2021-08-01,0.2822430087242724,-0.016648762194357347
Punta_Chino,2021-09-01,0.3495481439504614,0.8501240720464102
Punta_Chino,2021-11-01,0.33619785350911335,0.6781955996513047
Punta_Chino,2021-12-01,0.3447878976170998,0.788820396001695
Punta_Chino,2022-01-01,0.3471831401567822,0.819666945196454
Punta_Chino,2022-02-01,0.3175623871191038,0.4382032726767949
Punta_Chino,2022-03-01,0.29394761146202886,0.13408612088065397
Punta_Chino,2022-04-01,0.19939971137671939,-1.0835260427833233
Punta_Chino,2022-05-01,0.2914602990064342,0.10205387163945144
Punta_Chino,2022-06-01,0.37987992070078325,1.2407444907274012
Punta_Chino,2022-07-01,0.27786456751207583,-0.07303545373428419
Punta_Chino,2022-09-01,0.3948120891715325,1.4330447950541918
Punta_Chino,2022-10-01,0.2867958827945317,0.041984320534885024
Punta_Chino,2022-12-01,0.3549398146868635,0.9195593938800075
Punta_Chino,2023-01-01,0.3327805613221099,0.6341868323499169
Punta_Chino,2023-02-01,0.2482786362018518,-0.4540506830958192
Punta_Chino,2023-03-01,0.2693221592141974,-0.18304678387589365
Punta_Chino,2023-04-01,0.2660679055904815,-0.22495589864532595
Punta_Chino,2023-05-01,0.2951371757514306,0.1494056356126467
Punta_Chino,2023-07-01,0.17926619279520284,-1.3428106709991783
Punta_Chino,2023-08-01,0.2644769056643766,-0.2454452047078179
Punta_Chino,2023-09-01,0.37128544002586333,1.13006255912749
Punta_Chino,2023-11-01,0.18487674949499527,-1.2705564794578565
Punta_Chino,2023-12-01,0.3853936000230553,1.311751070495788
Punta_Chino,2024-01-01,0.3525686627974457,0.8890230902725782
Punta_Chino,2024-02-01,0.3486095658189549,0.8380368215792908
Punta_Chino,2024-03-01,0.336892288201904,0.6871387081502687
Punta_Chino,2024-04-01,0.35015942886188034,0.8579963562847314
Punta_Chino,2024-07-01,0.33684673732916365,0.6865520923009045
Punta_Chino,2024-08-01,0.49557973808673783,2.7307564831220192
Punta_Chino,2024-09-01,0.15202380111171312,-1.6936451945706794
Punta_Chino,2024-10-01,0.14306959051573997,-1.808959820573249
Punta_Chino,2024-11-01,0.4366058896807256,1.9712761023579295
Punta_Chino,2024-12-01,0.31895052155409626,0.45608002479209936
Punta_Chino,2025-01-01,0.33846744410855656,0.7074239708570745
Punta_Chino,2025-02-01,0.47687030095102856,2.489811541867996
Punta_Chino,2025-03-01,0.34851667434139766,0.836840541250776
Punta_Chino,2025-04-01,0.3465906214164245,0.8120363365334647
Punta_Chino,2025-06-01,0.25457248984131153,-0.3729968179035485
Punta_Chino,2025-07-01,0.3502833119843786,0.8595917549841259
Punta_Chino,2025-08-01,0.39353428794318895,1.416588942338563
Punta_Chino,2025-09-01,0.3035839397069355,0.25818523332493054
Punta_Chino,2025-11-01,0.176311229177405,-1.380865452130951
Punta_Chino,2025-12-01,0.3373644118399864,0.6932188377349949
Rio_Sevilla,2018-12-01,0.20459869084159205,0.4970469097591547
Rio_Sevilla,2019-01-01,0.22683868878283286,0.7359746529662797
Rio_Sevilla,2019-02-01,0.18751209018732976,0.31348291194807826
Rio_Sevilla,2019-03-01,0.1827962112927145,0.26281949441964714
Rio_Sevilla,2019-04-01,0.15649524628120495,-0.019735847130844666
Rio_Sevilla,2019-06-01,0.20727684817174105,0.5258187688455059
Rio_Sevilla,2019-07-01,0.14089972167332107,-0.18728098398462018
Rio_Sevilla,2019-08-01,0.03419895700682202,-1.3335838284181933
Rio_Sevilla,2019-11-01,0.22916188193806544,0.7609330769319876
Rio_Sevilla,2019-12-01,0.23399194749869995,0.8128232195027686
Rio_Sevilla,2020-01-01,0.034519416413718265,-1.3301410833657206
Rio_Sevilla,2020-02-01,0.1182867420930873,-0.4302157267201502
Rio_Sevilla,2020-03-01,0.08061211354515821,-0.8349600976012029
Rio_Sevilla,2020-04-01,0.21315318476032807,0.5889491631533671
Rio_Sevilla,2020-05-01,0.21481908995368526,0.6068462407204369
Rio_Sevilla,2020-08-01,0.23672621736472407,0.8421979042547377
Rio_Sevilla,2020-09-01,0.04584576169384886,-1.2084604013928115
Rio_Sevilla,2020-10-01,0.011777852252324176,-1.5744572301764235
Rio_Sevilla,2020-11-01,0.3126577614362586,1.6579422452019164
Rio_Sevilla,2020-12-01,0.2819369619969612,1.3279039376920496
Rio_Sevilla,2021-01-01,0.22751151479822093,0.7432029270808925
Rio_Sevilla,2021-02-01,0.15809431833596485,-0.0025567683252264634
Rio_Sevilla,2021-03-01,0.09394123118182952,-0.6917633219411381
Rio_Sevilla,2021-04-01,0.00762079850238713,-1.6191171026048004
Rio_Sevilla,2021-05-01,0.0820174659741531,-0.8198621787453855
Rio_Sevilla,2021-06-01,0.051254109992454805,-1.1503576777829405
Rio_Sevilla,2021-07-01,0.17860417018327593,0.21778374736805498
Rio_Sevilla,2021-08-01,0.0917982848452942,-0.7147853264105232
Rio_Sevilla,2021-09-01,0.1352586148132975,-0.247884268877751
Rio_Sevilla,2021-11-01,0.15421997891616873,-0.04417939690801682
Rio_Sevilla,2021-12-01,0.15823669337272195,-0.0010272112492195188
Rio_Sevilla,2022-01-01,0.24608139991452793,0.9427020796517345
Rio_Sevilla,2022-02-01,0.18573591180615473,0.2944011524412356
Rio_Sevilla,2022-03-01,0.13446738895580365,-0.25638453083809826
Rio_Sevilla,2022-04-01,0.04638154911520305,-1.2027043541233313
Rio_Sevilla,2022-05-01,0.13133902314500334,-0.2899930493764387
Rio_Sevilla,2022-06-01,0.32843980123131383,1.8274911436056003
Rio_Sevilla,2022-07-01,0.1511429429396003,-0.07723647108540824
Rio_Sevilla,2022-09-01,0.29819193746075084,1.5025336572500974
Rio_Sevilla,2022-10-01,0.07313148508885185,-0.9153256479739363
Rio_Sevilla,2022-12-01,0.16546453835768946,0.07662264713079764
Rio_Sevilla,2023-01-01,0.18129498921733267,0.2466916331009834
Rio_Sevilla,2023-02-01,0.08717333216399352,-0.7644719095434199
Rio_Sevilla,2023-03-01,0.18374304596299898,0.27299148596204875
Rio_Sevilla,2023-04-01,0.1579513287957429,-0.004092927107152653
Rio_Sevilla,2023-05-01,0.1547380471096133,-0.038613710048955946
Rio_Sevilla,2023-07-01,-0.015189147772369172,-1.864167889052815
Rio_Sevilla,2023-08-01,0.11283897929584724,-0.4887418863947712
Rio_Sevilla,2023-09-01,0.09484012921999979,-0.6821063210636753
Rio_Sevilla,2023-11-01,0.06117680231259303,-1.0437566570070804
Rio_Sevilla,2023-12-01,0.10758099613896546,-0.5452292139931814
Rio_Sevilla,2024-01-01,0.18021405872141183,0.23507902933022443
Rio_Sevilla,2024-02-01,0.2081927949658471,0.5356589271491066
Rio_Sevilla,2024-03-01,0.22960187557119846,0.765659996694648
Rio_Sevilla,2024-04-01,0.25324029653807567,1.0196112151038368
Rio_Sevilla,2024-07-01,0.17539644847791694,0.18332269616099833
Rio_Sevilla,2024-08-01,0.3041475758300081,1.5665160028727882
Rio_Sevilla,2024-09-01,-0.01023228460076114,-1.8109155401044075
Rio_Sevilla,2024-10-01,0.028740645755960793,-1.3922233117641873
Rio_Sevilla,2024-11-01,0.1367841094938126,-0.23149564320193378
Rio_Sevilla,2024-12-01,0.06390776537936296,-1.0144174977117741
Rio_Sevilla,2025-01-01,0.08148878268843394,-0.8255419051851963
Rio_Sevilla,2025-02-01,0.5139346321631826,3.8202908483642912
Rio_Sevilla,2025-03-01,0.25313195293124074,1.0184472629514858
Rio_Sevilla,2025-04-01,0.2249733626436063,0.7159351652843038
Rio_Sevilla,2025-06-01,0.13482010430378674,-0.2525952552135784
Rio_Sevilla,2025-07-01,0.20387630041798654,0.4892861575287581
Rio_Sevilla,2025-08-01,0.28074540370576956,1.3151028423787163
Rio_Sevilla,2025-09-01,0.13524997231906732,-0.24797711653212376
Rio_Sevilla,2025-10-01,0.013627358712874188,-1.5545876957531861
Rio_Sevilla,2025-11-01,0.19360464333884125,0.37893615428677263
Rio_Sevilla,2025-12-01,0.21529338702338915,0.6119416876163183
Cano_Palos,2018-02-01,0.5457595921854395,-0.8662785547095204
Cano_Palos,2018-03-01,0.44801877367084897,-1.5474374463292406
Cano_Palos,2018-12-01,0.6760459964804245,0.041691565567741826
Cano_Palos,2019-01-01,0.629538552026749,-0.28242030291842557
Cano_Palos,2019-02-01,0.5565488709770976,-0.791087725588267
Cano_Palos,2019-03-01,0.49511809088672226,-1.2192007976252939
Cano_Palos,2019-04-01,0.3491696574432147,-2.236320100173122
Cano_Palos,2019-05-01,0.47007272906667746,-1.3937427255201367
Cano_Palos,2019-06-01,0.6075432911686632,-0.43570597961596436
Cano_Palos,2019-07-01,0.6397750368108823,-0.2110819129232414
Cano_Palos,2019-08-01,0.609857924851466,-0.4195752234196858
Cano_Palos,2019-12-01,0.6294841196462748,-0.2827996439196112
Cano_Palos,2020-01-01,0.6689932843099633,-0.007459011212287324
Cano_Palos,2020-02-01,0.5785071803308519,-0.6380595651067434
Cano_Palos,2020-03-01,0.5093983151077202,-1.1196814581079562
Cano_Palos,2020-04-01,0.3247785727261425,-2.4063023500025875
Cano_Palos,2020-05-01,0.4388999290772625,-1.6109869660756158
Cano_Palos,2020-08-01,0.6300802251023726,-0.2786453659226102
Cano_Palos,2020-09-01,0.6323563250520742,-0.2627831525452689
Cano_Palos,2020-10-01,0.7258773224969957,0.38896767101923857
Cano_Palos,2020-11-01,0.7181778766930559,0.33530998685410307
Cano_Palos,2020-12-01,0.766537733497286,0.6723313762825177
Cano_Palos,2021-01-01,0.7427475880720728,0.5065370916061394
Cano_Palos,2021-02-01,0.7077309669066735,0.26250513828532224
Cano_Palos,2021-03-01,0.6536603777696596,-0.11431452749531264
Cano_Palos,2021-04-01,0.5335103653758856,-0.9516438082811257
Cano_Palos,2021-06-01,0.6972784269280272,0.18966105272650663
Cano_Palos,2021-07-01,0.754014006480705,0.5850531219850174
Cano_Palos,2021-08-01,0.6564564103072574,-0.09482888727675311
Cano_Palos,2021-11-01,0.8599090533865968,1.3230390921727744
Cano_Palos,2021-12-01,0.8529037555243464,1.2742189472237713
Cano_Palos,2022-01-01,0.8006382332189527,0.9099788499490251
Cano_Palos,2022-02-01,0.7465770085883419,0.5332244457131474
Cano_Palos,2022-03-01,0.7258161805266162,0.38854157067131806
Cano_Palos,2022-04-01,0.4804082713636149,-1.321714000548699
Cano_Palos,2022-05-01,0.6999868420169394,0.2085360841416993
Cano_Palos,2022-12-01,0.8420231738526053,1.1983918254098214
Cano_Palos,2023-01-01,0.7974450338076241,0.887725341079375
Cano_Palos,2023-02-01,0.7675004130595973,0.6790403209549115
Cano_Palos,2023-03-01,0.7372304413620725,0.46808791965321406
Cano_Palos,2023-04-01,0.5005779895010383,-1.1811505894829468
Cano_Palos,2023-05-01,0.7311764791735728,0.4258976634542586
Cano_Palos,2023-07-01,0.7259572442942926,0.3895246485818415
Cano_Palos,2023-08-01,0.7408965466944031,0.4936371250177944
Cano_Palos,2023-09-01,0.7881176774337537,0.8227226960644954
Cano_Palos,2023-11-01,0.8544886264524372,1.2852639634324035
Cano_Palos,2023-12-01,0.8444935213208146,1.2156077559589382
Cano_Palos,2024-01-01,0.792600873093895,0.8539662300678489
Cano_Palos,2024-02-01,0.7413014513527061,0.49645891853715357
Cano_Palos,2024-03-01,0.7206686876680853,0.35266852823701594
Cano_Palos,2024-04-01,0.6655851282751543,-0.03121055966889289
Cano_Palos,2024-07-01,0.7938886076756317,0.862940493571333
Cano_Palos,2024-08-01,0.4908536008133342,-1.2489201653966893
Cano_Palos,2024-09-01,0.2723759118642728,-2.7714981702654073
Cano_Palos,2024-12-01,0.857879702090268,1.30889647805595
Cano_Palos,2025-01-01,0.8554447493947178,1.2919272148100136
Cano_Palos,2025-02-01,0.8017233127060114,0.9175408036133876
Cano_Palos,2025-03-01,0.7548597423689101,0.590947082450744
Cano_Palos,2025-04-01,0.3769828599975639,-2.0424890016389186
Cano_Palos,2025-06-01,0.7585359079589912,0.6165663980734836
Cano_Palos,2025-07-01,0.793150591169045,0.8577972329227773
Cano_Palos,2025-08-01,0.8163123175365938,1.0192120450789055
Cano_Palos,2025-09-01,0.6433249425275575,-0.1863425063981776
Cano_Palos,2025-11-01,0.6777376615266857,0.05348083340297149
Cano_Palos,2025-12-01,0.8488234238950193,1.2457829855415143
CP_Luna,2018-01-01,0.11141511858909485,-1.852436296361567
CP_Luna,2018-02-01,0.1853819266199708,-1.2855068018070752
CP_Luna,2018-12-01,0.2160069602163099,-1.050776721116837
CP_Luna,2019-01-01,0.264787026563521,-0.6768947178943242
CP_Luna,2019-02-01,0.24800725542717716,-0.8055057452229129
CP_Luna,2019-03-01,0.18540457858996678,-1.2853331824466843
CP_Luna,2019-04-01,0.14162859731860297,-1.6208606385651294
CP_Luna,2019-05-01,0.14682189492545325,-1.5810558441485085
CP_Luna,2019-06-01,0.1718992535867606,-1.3888467351021638
CP_Luna,2019-07-01,0.20552986981382287,-1.1310799236533622
CP_Luna,2019-08-01,0.20191748766986703,-1.1587675586552089
CP_Luna,2019-09-01,0.22072184497606043,-1.0146387924311455
CP_Luna,2019-11-01,0.1639044433575304,-1.450124135641397
CP_Luna,2019-12-01,0.20035932275967144,-1.170710343107946
CP_Luna,2020-01-01,0.2911556809137805,-0.47478828284801916
CP_Luna,2020-02-01,0.318522314176171,-0.265032691439657
CP_Luna,2020-03-01,0.24670480739370781,-0.8154885500100282
CP_Luna,2020-04-01,0.22157545635886639,-1.0080961622611626
CP_Luna,2020-05-01,0.1827184160341741,-1.3059216709942914
CP_Luna,2020-06-01,0.23073160931445041,-0.9379174793442786
CP_Luna,2020-07-01,0.26690048844157077,-0.6606957780430494
CP_Luna,2020-08-01,0.2550366777376178,-0.751627702577019
CP_Luna,2020-09-01,0.14140952098688434,-1.6225397813768383
CP_Luna,2020-10-01,0.2109857654457257,-1.089262407996264
CP_Luna,2020-11-01,0.22968461401181672,-0.9459423290508561
CP_Luna,2020-12-01,0.3016788194869396,-0.39413213732504876
CP_Luna,2021-01-01,0.3521154893967687,-0.007552852099503347
CP_Luna,2021-02-01,0.3325641975082341,-0.15740660844420534
CP_Luna,2021-03-01,0.30465559374181833,-0.3713162126062646
CP_Luna,2021-04-01,0.27981721214746813,-0.5616936467245311
CP_Luna,2021-05-01,0.2611096649721308,-0.7050803974417057
CP_Luna,2021-06-01,0.2830549136079534,-0.536877807007005
CP_Luna,2021-07-01,0.2915362427445167,-0.4718714106442606
CP_Luna,2021-08-01,0.2970430685873969,-0.42966353288373255
CP_Luna,2021-09-01,0.26696669358047487,-0.6601883390047155
CP_Luna,2021-10-01,0.26625684138487515,-0.6656291057103946
CP_Luna,2021-11-01,0.3062483645508041,-0.3591081861452264
CP_Luna,2021-12-01,0.3294127358862276,-0.18156145021764286
CP_Luna,2022-01-01,0.3724040504340083,0.14795181222613407
CP_Luna,2022-02-01,0.3919909383811876,0.2980783998051806
CP_Luna,2022-03-01,0.39808571478722166,0.3447927112548944
CP_Luna,2022-04-01,0.40242479217178423,0.37805020896165
CP_Luna,2022-05-01,0.4221590328742261,0.5293062034366569
CP_Luna,2022-06-01,0.4058595318791627,0.40437627734380144
CP_Luna,2022-07-01,0.40119034438262297,0.3685886020626343
CP_Luna,2022-08-01,0.41270771273203194,0.45686516814350003
CP_Luna,2022-09-01,0.4431178539618231,0.6899481746393269
CP_Luna,2022-10-01,0.5464258743079313,1.4817677125839157
CP_Luna,2022-12-01,0.5003963738943723,1.1289678270844392
CP_Luna,2023-01-01,0.4866011912967355,1.0232326182039846
CP_Luna,2023-02-01,0.47786023832191366,0.9562362966935071
CP_Luna,2023-03-01,0.40687545613478315,0.41216297843416266
CP_Luna,2023-04-01,0.42268488927308534,0.5333367072578986
CP_Luna,2023-05-01,0.3898788485542462,0.2818899762417123
CP_Luna,2023-06-01,0.4203714006978848,0.5156046333248375
CP_Luna,2023-07-01,0.43923627024518525,0.6601972045335752
CP_Luna,2023-08-01,0.4349104121293714,0.6270410278591804
CP_Luna,2023-09-01,0.4198354458763312,0.511496728655481
CP_Luna,2023-10-01,0.4301571263458071,0.5906087688704689
CP_Luna,2023-11-01,0.445296750985373,0.70664865180108
CP_Luna,2023-12-01,0.5097274254852853,1.2004870463522213
CP_Luna,2024-01-01,0.49804218129516575,1.1109237711641813
CP_Luna,2024-02-01,0.44700588235265293,0.7197485408996438
CP_Luna,2024-03-01,0.4297380838745638,0.5873969561298182
CP_Luna,2024-04-01,0.4330718448458915,0.6129490581165818
CP_Luna,2024-05-01,0.4270684977900696,0.5669355203879889
CP_Luna,2024-07-01,0.3564324461862279,0.025535099047990627
CP_Luna,2024-08-01,0.03931286689114134,-2.405074624276141
CP_Luna,2024-09-01,0.2901666974113521,-0.48236849256749814
CP_Luna,2024-10-01,0.4185747360171559,0.5018338322527625
CP_Luna,2024-11-01,0.3856920436983399,0.2497995937587151
CP_Luna,2024-12-01,0.44481911295473997,0.7029877247650809
CP_Luna,2025-01-01,0.4858723875487111,1.0176465945334157
CP_Luna,2025-02-01,0.4704843675831417,0.8997028490410719
CP_Luna,2025-03-01,0.42208967575421236,0.5287746055748599
CP_Luna,2025-04-01,0.4512222359394208,0.7520654039824946
CP_Luna,2025-05-01,0.48688460152820984,1.0254048576659638
CP_Luna,2025-06-01,0.5250617615830699,1.3180193239329552
CP_Luna,2025-07-01,0.5624344567749915,1.6044678507701657
CP_Luna,2025-08-01,0.5485420895459115,1.4979877559679133
CP_Luna,2025-09-01,0.5613691343960103,1.59630253048757
CP_Luna,2025-10-01,0.5642816888761362,1.618626233283977
CP_Luna,2025-11-01,0.6367990149678413,2.1744459600248174
CP_Luna,2025-12-01,0.6636416484104041,2.380185277635376
CP_Aguas_Negras,2018-01-01,0.291387230635377,-1.6195746627983285
CP_Aguas_Negras,2018-02-01,0.273822510524469,-1.738943264695998
CP_Aguas_Negras,2018-03-01,0.20330111534991652,-2.2182017039256454
CP_Aguas_Negras,2018-12-01,0.38559781038696456,-0.9793261921191944
CP_Aguas_Negras,2019-01-01,0.35923414772332923,-1.1584917884503079
CP_Aguas_Negras,2019-02-01,0.30625929739327074,-1.5185051436138974
CP_Aguas_Negras,2019-03-01,0.2697413347066411,-1.7666786483739967
CP_Aguas_Negras,2019-04-01,0.276902141183375,-1.7180143114423385
CP_Aguas_Negras,2019-05-01,0.34977691337998634,-1.2227624875707794
CP_Aguas_Negras,2019-06-01,0.41348750110819893,-0.7897898164906021
CP_Aguas_Negras,2019-07-01,0.4359340542177366,-0.6372446210540216
CP_Aguas_Negras,2019-08-01,0.42943681616801277,-0.6813993936490165
CP_Aguas_Negras,2019-09-01,0.3609669790078748,-1.1467155889746161
CP_Aguas_Negras,2019-10-01,0.32930008565916613,-1.3619215678692351
CP_Aguas_Negras,2019-11-01,0.47970175964364026,-0.33980237478021663
CP_Aguas_Negras,2019-12-01,0.4781525047590252,-0.35033100195969485
CP_Aguas_Negras,2020-01-01,0.5008350760850654,-0.19618184333164929
CP_Aguas_Negras,2020-02-01,0.4500260883435674,-0.5414761487485608
CP_Aguas_Negras,2020-03-01,0.34744210411866866,-1.2386296870172506
CP_Aguas_Negras,2020-04-01,0.3317184311076161,-1.3454866623732007
CP_Aguas_Negras,2020-05-01,0.3760807226664583,-1.0440036505791674
CP_Aguas_Negras,2020-06-01,0.4583682665770816,-0.48478329248736984
CP_Aguas_Negras,2020-07-01,0.44511149714240245,-0.5748753647268062
CP_Aguas_Negras,2020-08-01,0.4693270344663397,-0.4103082770472181
CP_Aguas_Negras,2020-09-01,0.4498249309929394,-0.5428431999485961
CP_Aguas_Negras,2020-10-01,0.41111760579933193,-0.8058954582473198
CP_Aguas_Negras,2020-11-01,0.5172545142205938,-0.08459649714864216
CP_Aguas_Negras,2020-12-01,0.5151656827872388,-0.09879204858499192
CP_Aguas_Negras,2021-01-01,0.5117233869102195,-0.122185649141299
CP_Aguas_Negras,2021-02-01,0.46591107297883,-0.4335229109454886
CP_Aguas_Negras,2021-03-01,0.4072880802026603,-0.8319206447302032
CP_Aguas_Negras,2021-04-01,0.40314169675720474,-0.8600991748570964
CP_Aguas_Negras,2021-05-01,0.457323797550602,-0.49188143049520877
CP_Aguas_Negras,2021-06-01,0.5229093421119391,-0.04616668471214099
CP_Aguas_Negras,2021-07-01,0.5016565892140437,-0.1905988979144993
CP_Aguas_Negras,2021-08-01,0.4976452065748366,-0.2178599720617252
CP_Aguas_Negras,2021-09-01,0.43792000933607583,-0.6237482098154244
CP_Aguas_Negras,2021-10-01,0.5219042419896935,-0.05299727441707555
CP_Aguas_Negras,2021-11-01,0.4900261240078738,-0.26963872105508074
CP_Aguas_Negras,2021-12-01,0.5237878361350434,-0.04019650114808276
CP_Aguas_Negras,2022-01-01,0.542965812524781,0.09013567690056304
CP_Aguas_Negras,2022-02-01,0.5329689735662421,0.022197862785558454
CP_Aguas_Negras,2022-03-01,0.5042427813441921,-0.17302331818050404
CP_Aguas_Negras,2022-04-01,0.4530560833721283,-0.5208845157460176
CP_Aguas_Negras,2022-05-01,0.49886978296569084,-0.20953783707920473
CP_Aguas_Negras,2022-06-01,0.3269204904940942,-1.378093129166172
CP_Aguas_Negras,2022-07-01,0.5569022903319114,0.18484699941016208
CP_Aguas_Negras,2022-08-01,0.5213534596725893,-0.05674035228723556
CP_Aguas_Negras,2022-09-01,0.21662184431759338,-2.127674967200595
CP_Aguas_Negras,2022-10-01,0.5294924902889233,-0.0014280729375194957
CP_Aguas_Negras,2022-12-01,0.6364070557197453,0.7251557904767647
CP_Aguas_Negras,2023-01-01,0.6646406669875272,0.9170294259390486
CP_Aguas_Negras,2023-02-01,0.6351366397410991,0.7165221328812031
CP_Aguas_Negras,2023-03-01,0.5400523857398644,0.07033623347927254
CP_Aguas_Negras,2023-04-01,0.529768980304604,0.0004509337532826336
CP_Aguas_Negras,2023-05-01,0.5826961363629692,0.3601401620025465
CP_Aguas_Negras,2023-06-01,0.6810389240225907,1.0284708268537461
CP_Aguas_Negras,2023-07-01,0.6678216482850109,0.9386471510007451
CP_Aguas_Negras,2023-08-01,0.6821919859252026,1.036306954406429
CP_Aguas_Negras,2023-09-01,0.6984292014823044,1.1466539287688988
CP_Aguas_Negras,2023-10-01,0.7344698988575123,1.3915839720562884
CP_Aguas_Negras,2023-11-01,0.7471206641909259,1.4775576830661938
CP_Aguas_Negras,2023-12-01,0.6558442543442872,0.8572496245924579
CP_Aguas_Negras,2024-01-01,0.6534104091910528,0.8407093841933758
CP_Aguas_Negras,2024-02-01,0.6258914940436914,0.6536927732744723
CP_Aguas_Negras,2024-03-01,0.6053706936945675,0.5142348580882854
CP_Aguas_Negras,2024-04-01,0.6177697432685338,0.5984979265094617
CP_Aguas_Negras,2024-05-01,0.6155118917785084,0.5831537266614076
CP_Aguas_Negras,2024-07-01,0.634707465748148,0.7136054966247787
CP_Aguas_Negras,2024-08-01,0.5852816747859649,0.3777112991887311
CP_Aguas_Negras,2024-09-01,0.621177409814062,0.6216561885657154
CP_Aguas_Negras,2024-10-01,0.7085224663690585,1.2152470467068535
CP_Aguas_Negras,2024-11-01,0.5965450104763128,0.4542561359735766
CP_Aguas_Negras,2024-12-01,0.7526792289836762,1.5153332982583856
CP_Aguas_Negras,2025-01-01,0.7649295899660498,1.5985858894738623
CP_Aguas_Negras,2025-02-01,0.6929298105927082,1.1092804552586546
CP_Aguas_Negras,2025-03-01,0.6233078646371737,0.6361346096299405
CP_Aguas_Negras,2025-04-01,0.642305961428951,0.7652443385884297
CP_Aguas_Negras,2025-05-01,0.7572198733306014,1.5461911977287228
CP_Aguas_Negras,2025-06-01,0.7953143197560977,1.8050783750457824
CP_Aguas_Negras,2025-07-01,0.770843653050214,1.6387774460391669
CP_Aguas_Negras,2025-08-01,0.7570079049464337,1.5447506755054912
CP_Aguas_Negras,2025-09-01,0.7343409356711726,1.390707547316672
CP_Aguas_Negras,2025-10-01,0.7128877025443374,1.2449128845856239
CP_Aguas_Negras,2025-11-01,0.7209759961999732,1.2998803591206407
CP_Aguas_Negras,2025-12-01,0.769970813693214,1.632845691188052
Cano_Clarin,2018-02-01,0.28492575808366644,-2.742169439976348
Cano_Clarin,2018-03-01,0.16552643596025096,-3.5522632895119024
Cano_Clarin,2018-12-01,0.7827295788220364,0.6353021091386554
Cano_Clarin,2019-01-01,0.6076554949213265,-0.5525307533832926
Cano_Clarin,2019-02-01,0.3513343116545382,-2.291604396158855
Cano_Clarin,2019-03-01,0.5790814607944049,-0.7463982636084511
Cano_Clarin,2019-04-01,0.5477565037273646,-0.9589300820952005
Cano_Clarin,2019-06-01,0.676168508890646,-0.087687484237088
Cano_Clarin,2019-07-01,0.7251465049919563,0.24461568715978607
Cano_Clarin,2019-08-01,0.7570030016749387,0.4607538659340261
Cano_Clarin,2019-12-01,0.7608169540879111,0.4866305571683079
Cano_Clarin,2020-01-01,0.7812012359640647,0.6249326939091052
Cano_Clarin,2020-02-01,0.7561090292109749,0.4546884915095157
Cano_Clarin,2020-03-01,0.7000620629767202,0.07442416651974648
Cano_Clarin,2020-04-01,0.5503151316949073,-0.9415704460194316
Cano_Clarin,2020-05-01,0.562800798324932,-0.85685839268064
Cano_Clarin,2020-08-01,0.626164851094027,-0.426949507797418
Cano_Clarin,2020-09-01,0.8126412207394407,0.8382449459644188
Cano_Clarin,2020-10-01,0.7982612496902165,0.7406805218428574
Cano_Clarin,2020-11-01,0.6146116353653754,-0.5053351203594729
Cano_Clarin,2020-12-01,0.8091026149587238,0.8142364111762007
Cano_Clarin,2021-01-01,0.8151722977047389,0.8554176555395184
Cano_Clarin,2021-02-01,0.7772946941208817,0.5984278070819866
Cano_Clarin,2021-03-01,0.7472670318939265,0.3946978021423936
Cano_Clarin,2021-04-01,0.7464002516912848,0.3888169202531859
Cano_Clarin,2021-06-01,0.7866688673891129,0.6620291741083866
Cano_Clarin,2021-07-01,0.8066658246244222,0.7977034122670023
Cano_Clarin,2021-08-01,0.7954948475184183,0.7219111909550394
Cano_Clarin,2021-11-01,0.8255257133825673,0.9256629317532682
Cano_Clarin,2021-12-01,0.7876697296365968,0.6688197683638627
Cano_Clarin,2022-01-01,0.7707748985913973,0.5541926626545713
Cano_Clarin,2022-02-01,0.7356137424360601,0.31563321493378893
Cano_Clarin,2022-03-01,0.7425438292030316,0.36265208042507274
Cano_Clarin,2022-04-01,0.7607260638369601,0.4860138900719735
Cano_Clarin,2022-05-01,0.7663753677798898,0.5243429718199748
Cano_Clarin,2022-12-01,0.798545465709064,0.7426088548075109
Cano_Clarin,2023-01-01,0.77041121676206,0.5517251744989067
Cano_Clarin,2023-02-01,0.717371510689219,0.19186434022742122
Cano_Clarin,2023-03-01,0.5918958965098173,-0.659455596148461
Cano_Clarin,2023-04-01,0.7081953460001448,0.12960641074553708
Cano_Clarin,2023-05-01,0.7450499782414938,0.379655660394975
Cano_Clarin,2023-07-01,0.7700150801736855,0.5490374891074726
Cano_Clarin,2023-08-01,0.7903275467659308,0.6868523775225496
Cano_Clarin,2023-09-01,0.5585683846500098,-0.8855742365042815
Cano_Clarin,2023-11-01,0.7249446903752967,0.24324642662467758
Cano_Clarin,2023-12-01,0.5738041042906538,-0.7822037771529612
Cano_Clarin,2024-01-01,0.5489510415979757,-0.9508254482931836
Cano_Clarin,2024-02-01,0.6255912832644627,-0.430841018760447
Cano_Clarin,2024-03-01,0.6913473712223969,0.015297212821647591
Cano_Clarin,2024-04-01,0.7061404015052472,0.11566413815262552
Cano_Clarin,2024-07-01,0.8591279377461966,1.1536454261559856
Cano_Clarin,2024-08-01,0.8309308733114589,0.9623355588359005
Cano_Clarin,2024-09-01,0.7106118369671361,0.14600168364159677
Cano_Clarin,2024-12-01,0.7946822407745165,0.7163978621218534
Cano_Clarin,2025-01-01,0.6086762876920735,-0.5456049356271606
Cano_Clarin,2025-02-01,0.4033635188011377,-1.93859953854245
Cano_Clarin,2025-03-01,0.22266282943762852,-3.1646074794326444
Cano_Clarin,2025-04-01,0.5573560522477848,-0.893799601650157
Cano_Clarin,2025-06-01,0.8021739738163893,0.7672273538781825
Cano_Clarin,2025-07-01,0.8060995971636316,0.7938617038279001
Cano_Clarin,2025-08-01,0.806457834249507,0.79629225079234
Cano_Clarin,2025-09-01,0.7815435197221154,0.6272550016262818
Cano_Clarin,2025-11-01,0.7481715260568029,0.40083456360180636
Cano_Clarin,2025-12-01,0.7353094083251318,0.3135683858620452
